,ID,Name,Sex,Age,Height,Weight,Team,NOC,Games,Year,Season,City,Sport,Event,Medal,MedalEarned,PreviousMedals,Height_div_avg,Weight_div_avg,Age_div_avg
703,402,Arthur Abele,M,22.0,184.0,85.0,Germany,GER,2008 Summer,2008,Summer,Beijing,Athletics,Athletics Men's Decathlon,,0,0,-5.95,-2.35,-3.38
704,402,Arthur Abele,M,30.0,184.0,85.0,Germany,GER,2016 Summer,2016,Summer,Rio de Janeiro,Athletics,Athletics Men's Decathlon,,0,0,-4.1,0.7,3.6
1593,888,Jangy McKinley Addy,M,23.0,188.0,88.0,Liberia,LBR,2008 Summer,2008,Summer,Beijing,Athletics,Athletics Men's Decathlon,,0,0,-1.95,0.65,-2.38
1594,888,Jangy McKinley Addy,M,27.0,188.0,88.0,Liberia,LBR,2012 Summer,2012,Summer,London,Athletics,Athletics Men's Decathlon,,0,0,-1.74,1.55,1.32
1935,1069,Nikolay Konstantinovich Afanasyev,M,30.0,187.0,80.0,Russia,RUS,1996 Summer,1996,Summer,Atlanta,Athletics,Athletics Men's Decathlon,,0,0,-1.78,-5.21,3.88
3575,2045,Ibrahim Nasser Al-Matrooshi,M,22.0,178.0,61.0,United Arab Emirates,UAE,1992 Summer,1992,Summer,Barcelona,Athletics,Athletics Men's Decathlon,,0,0,-9.89,-25.01,-3.03
5985,3360,Klaus Ambrosch,M,27.0,187.0,85.0,Austria,AUT,2000 Summer,2000,Summer,Sydney,Athletics,Athletics Men's Decathlon,,0,0,-1.32,0.04,-0.32
7199,4024,Atanas Vasilev Andonov,M,25.0,190.0,95.0,Bulgaria,BUL,1980 Summer,1980,Summer,Moskva,Athletics,Athletics Men's Decathlon,,0,0,2.1,10.24,0.9
7352,4115,Georgios Andreou,M,26.0,189.0,76.0,Cyprus,CYP,2000 Summer,2000,Summer,Sydney,Athletics,Athletics Men's Decathlon,,0,0,0.68,-8.96,-1.32
7459,4171,Leonid Vladimirovich Andreyev,M,32.0,198.0,93.0,Uzbekistan,UZB,2016 Summer,2016,Summer,Rio de Janeiro,Athletics,Athletics Men's Decathlon,,0,0,9.9,8.7,5.6
7460,4172,Pavel Vladimirovich Andreyev,M,25.0,196.0,94.0,Uzbekistan,UZB,2004 Summer,2004,Summer,Athina,Athletics,Athletics Men's Decathlon,,0,0,6.41,6.62,-0.72
7461,4172,Pavel Vladimirovich Andreyev,M,29.0,196.0,94.0,Uzbekistan,UZB,2008 Summer,2008,Summer,Beijing,Athletics,Athletics Men's Decathlon,,0,0,6.05,6.65,3.62
7879,4366,Mrio Ramos Dias Sampaio Anbal,M,28.0,187.0,89.0,Portugal,POR,2000 Summer,2000,Summer,Sydney,Athletics,Athletics Men's Decathlon,,0,0,-1.32,4.04,0.68
8412,4630,Charlemagne Anyamah,M,30.0,182.0,83.0,France,FRA,1968 Summer,1968,Summer,Mexico City,Athletics,Athletics Men's Decathlon,,0,0,-3.09,-1.15,4.09
8490,4673,Oleksandr Valentynovych Apaichev,M,26.0,187.0,90.0,Soviet Union,URS,1988 Summer,1988,Summer,Seoul,Athletics,Athletics Men's Decathlon,,0,0,-1.32,2.76,0.79
8861,4866,Luiz Alberto Cardoso de Arajo,M,25.0,188.0,88.0,Brazil,BRA,2012 Summer,2012,Summer,London,Athletics,Athletics Men's Decathlon,,0,0,-1.74,1.55,-0.68
8862,4866,Luiz Alberto Cardoso de Arajo,M,29.0,188.0,88.0,Brazil,BRA,2016 Summer,2016,Summer,Rio de Janeiro,Athletics,Athletics Men's Decathlon,,0,0,-0.1,3.7,2.6
9831,5383,Rifat Rimatovich Artikov,M,29.0,195.0,92.0,Uzbekistan,UZB,2012 Summer,2012,Summer,London,Athletics,Athletics Men's Decathlon,,0,0,5.26,5.55,3.32
10964,5991,Rein Aun,M,24.0,189.0,88.0,Soviet Union,URS,1964 Summer,1964,Summer,Tokyo,Athletics,Athletics Men's Decathlon,Silver,1,0,5.05,4.29,-1.67
10965,5991,Rein Aun,M,28.0,189.0,88.0,Soviet Union,URS,1968 Summer,1968,Summer,Mexico City,Athletics,Athletics Men's Decathlon,,0,1,3.91,3.85,2.09
11072,6050,Bastien Auzeil,M,26.0,195.0,89.0,France,FRA,2016 Summer,2016,Summer,Rio de Janeiro,Athletics,Athletics Men's Decathlon,,0,0,6.9,4.7,-0.4
11169,6101,Nikolay Sergeyevich Averyanov,M,24.0,183.0,80.0,Russia,RUS,2004 Summer,2004,Summer,Athina,Athletics,Athletics Men's Decathlon,,0,0,-6.59,-7.38,-1.72
11197,6123,Mykola Viktorovych Avilov,M,20.0,191.0,89.0,Soviet Union,URS,1968 Summer,1968,Summer,Mexico City,Athletics,Athletics Men's Decathlon,,0,0,5.91,4.85,-5.91
11198,6123,Mykola Viktorovych Avilov,M,24.0,191.0,89.0,Soviet Union,URS,1972 Summer,1972,Summer,Munich,Athletics,Athletics Men's Decathlon,Gold,1,0,5.09,4.03,-1.12
11199,6123,Mykola Viktorovych Avilov,M,27.0,191.0,89.0,Soviet Union,URS,1976 Summer,1976,Summer,Montreal,Athletics,Athletics Men's Decathlon,Bronze,1,1,3.85,3.06,2.11
11270,6165,Daniel James Awde,M,20.0,182.0,75.0,Great Britain,GBR,2008 Summer,2008,Summer,Beijing,Athletics,Athletics Men's Decathlon,,0,0,-7.95,-12.35,-5.38
11271,6165,Daniel James Awde,M,24.0,182.0,75.0,Great Britain,GBR,2012 Summer,2012,Summer,London,Athletics,Athletics Men's Decathlon,,0,0,-7.74,-11.45,-1.68
12857,6989,Jzsef Bakai,M,30.0,184.0,85.0,Hungary,HUN,1972 Summer,1972,Summer,Munich,Athletics,Athletics Men's Decathlon,,0,0,-1.91,0.03,4.88
13130,7137,Eugenio Balanqu Llpiz,M,27.0,193.0,91.0,Cuba,CUB,1996 Summer,1996,Summer,Atlanta,Athletics,Athletics Men's Decathlon,,0,0,4.22,5.79,0.88
13131,7137,Eugenio Balanqu Llpiz,M,31.0,193.0,91.0,Cuba,CUB,2000 Summer,2000,Summer,Sydney,Athletics,Athletics Men's Decathlon,,0,0,4.68,6.04,3.68
13986,7564,"Jeffrey Granville ""Jeff"" Bannister",M,26.0,191.0,93.0,United States,USA,1972 Summer,1972,Summer,Munich,Athletics,Athletics Men's Decathlon,,0,0,5.09,8.03,0.88
14909,8049,Romain Barras,M,24.0,194.0,86.0,France,FRA,2004 Summer,2004,Summer,Athina,Athletics,Athletics Men's Decathlon,,0,0,4.41,-1.38,-1.72
14910,8049,Romain Barras,M,28.0,194.0,86.0,France,FRA,2008 Summer,2008,Summer,Beijing,Athletics,Athletics Men's Decathlon,,0,0,4.05,-1.35,2.62
15088,8143,Gonzalo Barroilhet Costabal,M,21.0,194.0,94.0,Chile,CHI,2008 Summer,2008,Summer,Beijing,Athletics,Athletics Men's Decathlon,,0,0,4.05,6.65,-4.38
15089,8143,Gonzalo Barroilhet Costabal,M,25.0,194.0,94.0,Chile,CHI,2012 Summer,2012,Summer,London,Athletics,Athletics Men's Decathlon,,0,0,4.26,7.55,-0.68
17301,9249,Bjrn Runald Beckman,M,25.0,181.0,79.0,Sweden,SWE,1976 Summer,1976,Summer,Montreal,Athletics,Athletics Men's Decathlon,,0,0,-6.15,-6.94,0.11
17693,9416,Pascal Behrenbruch,M,27.0,196.0,94.0,Germany,GER,2012 Summer,2012,Summer,London,Athletics,Athletics Men's Decathlon,,0,0,6.26,7.55,1.32
18864,9998,Kurt Bendlin,M,25.0,178.0,91.0,West Germany,FRG,1968 Summer,1968,Summer,Mexico City,Athletics,Athletics Men's Decathlon,Bronze,1,0,-7.09,6.85,-0.91
18977,10043,Francisco Javier Benet Martn,M,24.0,186.0,81.0,Spain,ESP,1992 Summer,1992,Summer,Barcelona,Athletics,Athletics Men's Decathlon,,0,0,-1.89,-5.01,-1.03
18978,10043,Francisco Javier Benet Martn,M,28.0,186.0,81.0,Spain,ESP,1996 Summer,1996,Summer,Atlanta,Athletics,Athletics Men's Decathlon,,0,0,-2.78,-4.21,1.88
18979,10043,Francisco Javier Benet Martn,M,32.0,186.0,81.0,Spain,ESP,2000 Summer,2000,Summer,Sydney,Athletics,Athletics Men's Decathlon,,0,0,-2.32,-3.96,4.68
19207,10170,"Jefferson Taft ""Jeff"" Bennett",M,23.0,173.0,69.0,United States,USA,1972 Summer,1972,Summer,Munich,Athletics,Athletics Men's Decathlon,,0,0,-12.91,-15.97,-2.12
20250,10681,Claston Bernard,M,21.0,193.0,90.0,Jamaica,JAM,2000 Summer,2000,Summer,Sydney,Athletics,Athletics Men's Decathlon,,0,0,4.68,5.04,-6.32
20251,10681,Claston Bernard,M,25.0,193.0,90.0,Jamaica,JAM,2004 Summer,2004,Summer,Athina,Athletics,Athletics Men's Decathlon,,0,0,3.41,2.62,-0.72
20620,10879,Massimo Bertocchi,M,22.0,196.0,93.0,Canada,CAN,2008 Summer,2008,Summer,Beijing,Athletics,Athletics Men's Decathlon,,0,0,6.05,5.65,-3.38
21095,11139,Horst Beyer,M,24.0,196.0,95.0,Germany,GER,1964 Summer,1964,Summer,Tokyo,Athletics,Athletics Men's Decathlon,,0,0,12.05,11.29,-1.67
21096,11139,Horst Beyer,M,32.0,196.0,95.0,West Germany,FRG,1972 Summer,1972,Summer,Munich,Athletics,Athletics Men's Decathlon,,0,0,10.09,10.03,6.88
21489,11350,Franz Biedermann,M,22.0,182.0,76.0,Liechtenstein,LIE,1968 Summer,1968,Summer,Mexico City,Athletics,Athletics Men's Decathlon,,0,0,-3.09,-8.15,-3.91
21646,11433,David Bryce Bigham,M,21.0,175.0,72.0,Great Britain,GBR,1992 Summer,1992,Summer,Barcelona,Athletics,Athletics Men's Decathlon,,0,0,-12.89,-14.01,-4.03
23110,12153,Columba Blango,M,24.0,188.0,70.0,Sierra Leone,SLE,1980 Summer,1980,Summer,Moskva,Athletics,Athletics Men's Decathlon,,0,0,0.1,-14.76,-0.1
23493,12351,Alain Blondel,M,25.0,186.0,80.0,France,FRA,1988 Summer,1988,Summer,Seoul,Athletics,Athletics Men's Decathlon,,0,0,-2.32,-7.24,-0.21
23494,12351,Alain Blondel,M,29.0,186.0,80.0,France,FRA,1992 Summer,1992,Summer,Barcelona,Athletics,Athletics Men's Decathlon,,0,0,-1.89,-6.01,3.97
23737,12475,Philippe Bobin,M,21.0,180.0,75.0,France,FRA,1976 Summer,1976,Summer,Montreal,Athletics,Athletics Men's Decathlon,,0,0,-7.15,-10.94,-3.89
23898,12554,Manfred Bock,M,19.0,190.0,91.0,Germany,GER,1960 Summer,1960,Summer,Roma,Athletics,Athletics Men's Decathlon,,0,0,5.93,9.13,-5.17
25722,13434,Colin Aubrey Geddes Boreham,M,30.0,188.0,87.0,Great Britain,GBR,1984 Summer,1984,Summer,Los Angeles,Athletics,Athletics Men's Decathlon,,0,0,0.56,2.28,4.88
25978,13555,Heinz Born,M,24.0,183.0,83.0,Switzerland,SUI,1972 Summer,1972,Summer,Munich,Athletics,Athletics Men's Decathlon,,0,0,-2.91,-1.97,-1.12
26992,14039,Wilfrid Boulineau,M,30.0,180.0,68.0,France,FRA,2000 Summer,2000,Summer,Sydney,Athletics,Athletics Men's Decathlon,,0,0,-8.32,-16.96,2.68
27208,14143,Larbi Bourrada,M,28.0,188.0,88.0,Algeria,ALG,2016 Summer,2016,Summer,Rio de Janeiro,Athletics,Athletics Men's Decathlon,,0,0,-0.1,3.7,1.6
28473,14768,Pieter Braun,M,23.0,186.0,83.0,Netherlands,NED,2016 Summer,2016,Summer,Rio de Janeiro,Athletics,Athletics Men's Decathlon,,0,0,-2.1,-1.3,-3.4
29205,15095,"Timothy William ""Tim"" Bright",M,24.0,188.0,79.0,United States,USA,1984 Summer,1984,Summer,Los Angeles,Athletics,Athletics Men's Decathlon,,0,0,0.56,-5.72,-1.12
29206,15095,"Timothy William ""Tim"" Bright",M,28.0,188.0,79.0,United States,USA,1988 Summer,1988,Summer,Seoul,Athletics,Athletics Men's Decathlon,,0,0,-0.32,-8.24,2.79
29606,15280,Joe Brodnik,M,24.0,189.0,84.0,Yugoslavia,YUG,1960 Summer,1960,Summer,Roma,Athletics,Athletics Men's Decathlon,,0,0,4.93,2.13,-0.17
29650,15304,"Alessandro ""Sandro"" Brogini",M,21.0,186.0,73.0,Italy,ITA,1980 Summer,1980,Summer,Moskva,Athletics,Athletics Men's Decathlon,,0,0,-1.9,-11.76,-3.1
29799,15375,Clifford Brooks,M,28.0,181.0,80.0,Barbados,BAR,1972 Summer,1972,Summer,Munich,Athletics,Athletics Men's Decathlon,,0,0,-4.91,-4.97,2.88
31148,16022,Alois Bchel,M,19.0,172.0,78.0,Liechtenstein,LIE,1960 Summer,1960,Summer,Roma,Athletics,Athletics Men's Decathlon,,0,0,-12.07,-3.87,-5.17
31149,16022,Alois Bchel,M,23.0,172.0,78.0,Liechtenstein,LIE,1964 Summer,1964,Summer,Tokyo,Athletics,Athletics Men's Decathlon,,0,0,-11.95,-5.71,-2.67
32522,16719,lvaro Burrell Busto,M,23.0,191.0,84.0,Spain,ESP,1992 Summer,1992,Summer,Barcelona,Athletics,Athletics Men's Decathlon,,0,0,3.11,-2.01,-2.03
32712,16819,Frank Busemann,M,21.0,191.0,80.0,Germany,GER,1996 Summer,1996,Summer,Atlanta,Athletics,Athletics Men's Decathlon,Silver,1,0,2.22,-5.21,-5.12
32713,16819,Frank Busemann,M,25.0,191.0,80.0,Germany,GER,2000 Summer,2000,Summer,Sydney,Athletics,Athletics Men's Decathlon,,0,1,2.68,-4.96,-2.32
33358,17201,Valeriu Caceanov,M,26.0,187.0,85.0,Soviet Union,URS,1980 Summer,1980,Summer,Moskva,Athletics,Athletics Men's Decathlon,,0,0,-0.9,0.24,1.9
35774,18383,Roberto Carmona Botella,M,24.0,186.0,85.0,Mexico,MEX,1968 Summer,1968,Summer,Mexico City,Athletics,Athletics Men's Decathlon,,0,0,0.91,0.85,-1.91
36479,18759,Paolo Casarsa,M,29.0,192.0,91.0,Italy,ITA,2004 Summer,2004,Summer,Athina,Athletics,Athletics Men's Decathlon,,0,0,2.41,3.62,3.28
39235,20178,Chen Chuan-Show,M,27.0,172.0,72.0,Chinese Taipei,TPE,1968 Summer,1968,Summer,Mexico City,Athletics,Athletics Men's Decathlon,,0,0,-13.09,-12.15,1.09
40405,20791,Carlos Eduardo Bezerra Chinin,M,23.0,195.0,82.0,Brazil,BRA,2008 Summer,2008,Summer,Beijing,Athletics,Athletics Men's Decathlon,,0,0,5.05,-5.35,-2.38
40580,20907,Sebastian Micha Chmara,M,24.0,191.0,85.0,Poland,POL,1996 Summer,1996,Summer,Atlanta,Athletics,Athletics Men's Decathlon,,0,0,2.22,-0.21,-2.12
42545,21947,Bryan Ezra Tsumoru Clay,M,24.0,180.0,83.0,United States,USA,2004 Summer,2004,Summer,Athina,Athletics,Athletics Men's Decathlon,Silver,1,0,-9.59,-4.38,-1.72
42546,21947,Bryan Ezra Tsumoru Clay,M,28.0,180.0,83.0,United States,USA,2008 Summer,2008,Summer,Beijing,Athletics,Athletics Men's Decathlon,Gold,1,1,-9.95,-4.35,2.62
43099,22227,Willem Coertzen,M,29.0,186.0,79.0,South Africa,RSA,2012 Summer,2012,Summer,London,Athletics,Athletics Men's Decathlon,,0,0,-3.74,-7.45,3.32
43100,22227,Willem Coertzen,M,33.0,186.0,79.0,South Africa,RSA,2016 Summer,2016,Summer,Rio de Janeiro,Athletics,Athletics Men's Decathlon,,0,0,-2.1,-5.3,6.6
44649,23008,Vivian Coralie,M,22.0,183.0,72.0,Mauritius,MRI,1984 Summer,1984,Summer,Los Angeles,Athletics,Athletics Men's Decathlon,,0,0,-4.44,-12.72,-3.12
45617,23540,Victor Covalenco,M,28.0,185.0,78.0,Moldova,MDA,2004 Summer,2004,Summer,Athina,Athletics,Athletics Men's Decathlon,,0,0,-4.59,-9.38,2.28
45618,23540,Victor Covalenco,M,32.0,185.0,78.0,Moldova,MDA,2008 Summer,2008,Summer,Beijing,Athletics,Athletics Men's Decathlon,,0,0,-4.95,-9.35,6.62
46156,23824,John Harrison Crist,M,29.0,188.0,84.0,United States,USA,1984 Summer,1984,Summer,Los Angeles,Athletics,Athletics Men's Decathlon,,0,0,0.56,-0.72,3.88
48009,24741,Pedro Ferreira da Silva Filho,M,25.0,186.0,90.0,Brazil,BRA,1992 Summer,1992,Summer,Barcelona,Athletics,Athletics Men's Decathlon,,0,0,-1.89,3.99,-0.03
48123,24811,Olof Henrik Dagrd,M,31.0,184.0,83.0,Sweden,SWE,2000 Summer,2000,Summer,Sydney,Athletics,Athletics Men's Decathlon,,0,0,-4.32,-1.96,3.68
48643,25071,Kamil Damaek,M,22.0,195.0,91.0,Czech Republic,CZE,1996 Summer,1996,Summer,Atlanta,Athletics,Athletics Men's Decathlon,,0,0,6.22,5.79,-4.12
49547,25524,Thorsten Dauth,M,24.0,201.0,96.0,Germany,GER,1992 Summer,1992,Summer,Barcelona,Athletics,Athletics Men's Decathlon,,0,0,13.11,9.99,-1.03
51553,26496,"Eduard Jan ""Ed"" de Noorlander",M,23.0,192.0,92.0,Netherlands,NED,1968 Summer,1968,Summer,Mexico City,Athletics,Athletics Men's Decathlon,,0,0,6.91,7.85,-2.91
52125,26793,"Robert Hubert Maria ""Rob"" de Wit",M,26.0,186.0,93.0,Netherlands,NED,1988 Summer,1988,Summer,Seoul,Athletics,Athletics Men's Decathlon,,0,0,-2.32,5.76,0.79
52126,26793,"Robert Hubert Maria ""Rob"" de Wit",M,29.0,186.0,93.0,Netherlands,NED,1992 Summer,1992,Summer,Barcelona,Athletics,Athletics Men's Decathlon,,0,0,-1.89,6.99,3.97
54891,28130,Iuri Diachk'ovi,M,20.0,196.0,100.0,Soviet Union,URS,1960 Summer,1960,Summer,Roma,Athletics,Athletics Men's Decathlon,,0,0,11.93,18.13,-4.17
55062,28222,Rafael ngel Estuardo Daz Granillo,M,22.0,179.0,66.0,Guatemala,GUA,1984 Summer,1984,Summer,Los Angeles,Athletics,Athletics Men's Decathlon,,0,0,-8.44,-18.72,-3.12
55471,28455,Walter Diel,M,25.0,195.0,94.0,Austria,AUT,1968 Summer,1968,Summer,Mexico City,Athletics,Athletics Men's Decathlon,,0,0,9.91,9.85,-0.91
56133,28763,Dominik Distelberger,M,26.0,186.0,81.0,Austria,AUT,2016 Summer,2016,Summer,Rio de Janeiro,Athletics,Athletics Men's Decathlon,,0,0,-2.1,-3.3,-0.4
56263,28823,"Frederick Arthur ""Fred"" Dixon",M,26.0,193.0,85.0,United States,USA,1976 Summer,1976,Summer,Montreal,Athletics,Athletics Men's Decathlon,,0,0,5.85,-0.94,1.11
56307,28842,Slaven Dizdarevi,M,27.0,194.0,90.0,Slovakia,SVK,2008 Summer,2008,Summer,Beijing,Athletics,Athletics Men's Decathlon,,0,0,4.05,2.65,1.62
57848,29625,Henk Marcel Dost,M,26.0,195.0,86.0,Netherlands,NED,1996 Summer,1996,Summer,Atlanta,Athletics,Athletics Men's Decathlon,,0,0,6.22,0.79,-0.12
58509,29940,Darius Draudvila,M,29.0,187.0,90.0,Lithuania,LTU,2012 Summer,2012,Summer,London,Athletics,Athletics Men's Decathlon,,0,0,-2.74,3.55,3.32
58642,30006,Stefan Drews,M,25.0,188.0,83.0,Germany,GER,2004 Summer,2004,Summer,Athina,Athletics,Athletics Men's Decathlon,,0,0,-1.59,-4.38,-0.72
58830,30104,Aleksey Vasilyevich Drozdov,M,24.0,184.0,80.0,Russia,RUS,2008 Summer,2008,Summer,Beijing,Athletics,Athletics Men's Decathlon,,0,0,-5.95,-7.35,-1.38
59033,30221,Ral Duany Bueno,M,21.0,179.0,90.0,Cuba,CUB,1996 Summer,1996,Summer,Atlanta,Athletics,Athletics Men's Decathlon,,0,0,-9.78,4.79,-5.12
59034,30221,Ral Duany Bueno,M,25.0,179.0,90.0,Cuba,CUB,2000 Summer,2000,Summer,Sydney,Athletics,Athletics Men's Decathlon,,0,0,-9.32,5.04,-2.32
59319,30379,Mihail Duda,M,22.0,184.0,85.0,Serbia,SRB,2012 Summer,2012,Summer,London,Athletics,Athletics Men's Decathlon,,0,0,-5.74,-1.45,-3.68
59320,30379,Mihail Duda,M,26.0,184.0,85.0,Serbia,SRB,2016 Summer,2016,Summer,Rio de Janeiro,Athletics,Athletics Men's Decathlon,,0,0,-4.1,0.7,-0.4
60385,30920,Werner Duttweiler,M,24.0,182.0,82.0,Switzerland,SUI,1964 Summer,1964,Summer,Tokyo,Athletics,Athletics Men's Decathlon,,0,0,-1.95,-1.71,-1.67
60386,30920,Werner Duttweiler,M,28.0,182.0,82.0,Switzerland,SUI,1968 Summer,1968,Summer,Mexico City,Athletics,Athletics Men's Decathlon,,0,0,-3.09,-2.15,2.09
60525,31001,Tom Dvok,M,24.0,186.0,90.0,Czech Republic,CZE,1996 Summer,1996,Summer,Atlanta,Athletics,Athletics Men's Decathlon,Bronze,1,0,-2.78,4.79,-2.12
60526,31001,Tom Dvok,M,28.0,186.0,90.0,Czech Republic,CZE,2000 Summer,2000,Summer,Sydney,Athletics,Athletics Men's Decathlon,,0,1,-2.32,5.04,0.68
60527,31001,Tom Dvok,M,32.0,186.0,90.0,Czech Republic,CZE,2004 Summer,2004,Summer,Athina,Athletics,Athletics Men's Decathlon,,0,1,-3.59,2.62,6.28
60770,31125,Spas Dzhurov,M,23.0,194.0,93.0,Bulgaria,BUL,1968 Summer,1968,Summer,Mexico City,Athletics,Athletics Men's Decathlon,,0,0,8.91,8.85,-2.91
60913,31205,Ashton James Eaton,M,24.0,186.0,81.0,United States,USA,2012 Summer,2012,Summer,London,Athletics,Athletics Men's Decathlon,Gold,1,0,-3.74,-5.45,-1.68
60914,31205,Ashton James Eaton,M,28.0,186.0,81.0,United States,USA,2016 Summer,2016,Summer,Rio de Janeiro,Athletics,Athletics Men's Decathlon,Gold,1,1,-2.1,-3.3,1.6
61421,31458,"David Allan ""Dave"" Edstrom",M,21.0,190.0,91.0,United States,USA,1960 Summer,1960,Summer,Roma,Athletics,Athletics Men's Decathlon,,0,0,5.93,9.13,-3.17
62123,31808,Sten Anders Ekberg,M,27.0,190.0,90.0,Sweden,SWE,1992 Summer,1992,Summer,Barcelona,Athletics,Athletics Men's Decathlon,,0,0,2.11,3.99,1.97
63365,32478,"Richard John ""Dick"" Emberger",M,26.0,183.0,77.0,United States,USA,1964 Summer,1964,Summer,Tokyo,Athletics,Athletics Men's Decathlon,,0,0,-0.95,-6.71,0.33
63941,32771,Panagiotis Epitropopoulos,M,22.0,182.0,74.0,Greece,GRE,1960 Summer,1960,Summer,Roma,Athletics,Athletics Men's Decathlon,,0,0,-2.07,-7.87,-2.17
64481,33005,Edgars Eri,M,26.0,191.0,87.0,Latvia,LAT,2012 Summer,2012,Summer,London,Athletics,Athletics Men's Decathlon,,0,0,1.26,0.55,0.32
64711,33112,Claudio Escauriza,M,26.0,179.0,82.0,Paraguay,PAR,1984 Summer,1984,Summer,Los Angeles,Athletics,Athletics Men's Decathlon,,0,0,-8.44,-2.72,0.88
67617,34559,Kurt Anthony Felix,M,24.0,182.0,76.0,Grenada,GRN,2012 Summer,2012,Summer,London,Athletics,Athletics Men's Decathlon,,0,0,-7.74,-10.45,-1.68
67618,34559,Kurt Anthony Felix,M,28.0,182.0,76.0,Grenada,GRN,2016 Summer,2016,Summer,Rio de Janeiro,Athletics,Athletics Men's Decathlon,,0,0,-6.1,-8.3,1.6
68128,34805,Douglas Fernndez,M,24.0,195.0,92.0,Venezuela,VEN,1984 Summer,1984,Summer,Los Angeles,Athletics,Athletics Men's Decathlon,,0,0,7.56,7.28,-1.12
68667,35047,Scott William Ferrier,M,22.0,191.0,85.0,Australia,AUS,1996 Summer,1996,Summer,Atlanta,Athletics,Athletics Men's Decathlon,,0,0,2.22,-0.21,-4.12
68668,35047,Scott William Ferrier,M,26.0,191.0,85.0,Australia,AUS,2000 Summer,2000,Summer,Sydney,Athletics,Athletics Men's Decathlon,,0,0,2.68,0.04,-1.32
70545,35916,Luis Alberto Flores Asturias,M,24.0,182.0,75.0,Guatemala,GUA,1972 Summer,1972,Summer,Munich,Athletics,Athletics Men's Decathlon,,0,0,-3.91,-9.97,-1.12
72874,37036,Rico Freimuth,M,24.0,196.0,95.0,Germany,GER,2012 Summer,2012,Summer,London,Athletics,Athletics Men's Decathlon,,0,0,6.26,8.55,-1.68
72875,37036,Rico Freimuth,M,28.0,196.0,95.0,Germany,GER,2016 Summer,2016,Summer,Rio de Janeiro,Athletics,Athletics Men's Decathlon,,0,0,7.9,10.7,1.6
72876,37037,Uwe Freimuth,M,27.0,191.0,92.0,East Germany,GDR,1988 Summer,1988,Summer,Seoul,Athletics,Athletics Men's Decathlon,,0,0,2.68,4.76,1.79
73352,37278,"Stephen Thomas ""Steve"" Fritz",M,28.0,191.0,86.0,United States,USA,1996 Summer,1996,Summer,Atlanta,Athletics,Athletics Men's Decathlon,,0,0,2.22,0.79,1.88
74371,37771,Peter John Gabbett,M,30.0,183.0,83.0,Great Britain,GBR,1972 Summer,1972,Summer,Munich,Athletics,Athletics Men's Decathlon,,0,0,-2.91,-1.97,4.88
74637,37908,Beat Ghwiler,M,23.0,186.0,89.0,Switzerland,SUI,1988 Summer,1988,Summer,Seoul,Athletics,Athletics Men's Decathlon,,0,0,-2.32,1.76,-2.21
74638,37908,Beat Ghwiler,M,27.0,186.0,89.0,Switzerland,SUI,1992 Summer,1992,Summer,Barcelona,Athletics,Athletics Men's Decathlon,,0,0,-1.89,2.99,1.97
74737,37939,"William Douglas ""Bill"" Gairdner",M,23.0,180.0,82.0,Canada,CAN,1964 Summer,1964,Summer,Tokyo,Athletics,Athletics Men's Decathlon,,0,0,-3.95,-1.71,-2.67
75560,38357,Ramil Ganiyev,M,23.0,188.0,86.0,Unified Team,EUN,1992 Summer,1992,Summer,Barcelona,Athletics,Athletics Men's Decathlon,,0,0,0.11,-0.01,-2.03
75561,38357,Ramil Ganiyev,M,27.0,188.0,86.0,Uzbekistan,UZB,1996 Summer,1996,Summer,Atlanta,Athletics,Athletics Men's Decathlon,,0,0,-0.78,0.79,0.88
76293,38715,Yordanis Garca Barrisonte,M,19.0,195.0,84.0,Cuba,CUB,2008 Summer,2008,Summer,Beijing,Athletics,Athletics Men's Decathlon,,0,0,5.05,-3.35,-6.38
76294,38715,Yordanis Garca Barrisonte,M,23.0,195.0,84.0,Cuba,CUB,2012 Summer,2012,Summer,London,Athletics,Athletics Men's Decathlon,,0,0,5.26,-2.45,-2.68
76295,38715,Yordanis Garca Barrisonte,M,27.0,195.0,84.0,Cuba,CUB,2016 Summer,2016,Summer,Rio de Janeiro,Athletics,Athletics Men's Decathlon,,0,0,6.9,-0.3,0.6
77125,39154,Radu Gavrila,M,20.0,187.0,86.0,Romania,ROU,1972 Summer,1972,Summer,Munich,Athletics,Athletics Men's Decathlon,,0,0,1.09,1.03,-5.12
77702,39438,Gilles Gmise-Fareau,M,22.0,186.0,83.0,France,FRA,1976 Summer,1976,Summer,Montreal,Athletics,Athletics Men's Decathlon,,0,0,-1.15,-2.94,-2.89
78814,40007,Rgis Ghesquire,M,23.0,190.0,87.0,Belgium,BEL,1972 Summer,1972,Summer,Munich,Athletics,Athletics Men's Decathlon,,0,0,4.09,2.03,-2.12
78815,40007,Rgis Ghesquire,M,27.0,190.0,87.0,Belgium,BEL,1976 Summer,1976,Summer,Montreal,Athletics,Athletics Men's Decathlon,,0,0,2.85,1.06,2.11
81332,41286,David Gmez Martnez,M,23.0,185.0,90.0,Spain,ESP,2004 Summer,2004,Summer,Athina,Athletics,Athletics Men's Decathlon,,0,0,-4.59,2.62,-2.72
81333,41286,David Gmez Martnez,M,27.0,185.0,90.0,Spain,ESP,2008 Summer,2008,Summer,Beijing,Athletics,Athletics Men's Decathlon,,0,0,-4.95,2.65,1.62
81584,41414,Gong Guohua,M,24.0,185.0,84.0,China,CHN,1988 Summer,1988,Summer,Seoul,Athletics,Athletics Men's Decathlon,,0,0,-3.32,-3.24,-1.21
83761,42581,Aleksandr Vasilyevich Grebenyuk,M,25.0,188.0,94.0,Soviet Union,URS,1976 Summer,1976,Summer,Montreal,Athletics,Athletics Men's Decathlon,,0,0,0.85,8.06,0.11
84906,43087,Klaus Grogorenz,M,23.0,180.0,75.0,Germany,GER,1960 Summer,1960,Summer,Roma,Athletics,Athletics Men's Decathlon,,0,0,-4.07,-6.87,-1.17
85438,43312,Steffen Grummt,M,20.0,191.0,80.0,East Germany,GDR,1980 Summer,1980,Summer,Moskva,Athletics,Athletics Men's Decathlon,,0,0,3.1,-4.76,-4.1
86091,43661,Christian Gugler,M,28.0,186.0,82.0,Switzerland,SUI,1988 Summer,1988,Summer,Seoul,Athletics,Athletics Men's Decathlon,,0,0,-2.32,-5.24,2.79
87990,44612,Peter Robert Hadfield,M,25.0,188.0,87.0,Australia,AUS,1980 Summer,1980,Summer,Moskva,Athletics,Athletics Men's Decathlon,,0,0,0.1,2.24,0.9
87991,44612,Peter Robert Hadfield,M,29.0,188.0,87.0,Australia,AUS,1984 Summer,1984,Summer,Los Angeles,Athletics,Athletics Men's Decathlon,,0,0,0.56,2.28,3.88
89073,45149,Mikko Johannes Halvari,M,25.0,183.0,93.0,Finland,FIN,2008 Summer,2008,Summer,Beijing,Athletics,Athletics Men's Decathlon,,0,0,-6.95,5.65,-0.38
89130,45185,Eduard Hmlinen,M,23.0,194.0,91.5,Unified Team,EUN,1992 Summer,1992,Summer,Barcelona,Athletics,Athletics Men's Decathlon,,0,0,6.11,5.49,-2.03
89131,45185,Eduard Hmlinen,M,27.0,194.0,91.5,Belarus,BLR,1996 Summer,1996,Summer,Atlanta,Athletics,Athletics Men's Decathlon,,0,0,5.22,6.29,0.88
89132,45185,Eduard Hmlinen,M,31.0,194.0,91.5,Finland,FIN,2000 Summer,2000,Summer,Sydney,Athletics,Athletics Men's Decathlon,,0,0,5.68,6.54,3.68
90734,45967,"James Edward ""Trey"" Hardee, III",M,24.0,196.0,96.0,United States,USA,2008 Summer,2008,Summer,Beijing,Athletics,Athletics Men's Decathlon,,0,0,6.05,8.65,-1.38
90735,45967,"James Edward ""Trey"" Hardee, III",M,28.0,196.0,96.0,United States,USA,2012 Summer,2012,Summer,London,Athletics,Athletics Men's Decathlon,Silver,1,0,6.26,9.55,2.32
92967,47103,Lennart Per-Olav Hedmark,M,24.0,195.0,90.0,Sweden,SWE,1968 Summer,1968,Summer,Mexico City,Athletics,Athletics Men's Decathlon,,0,0,9.91,5.85,-1.91
92968,47103,Lennart Per-Olav Hedmark,M,28.0,195.0,90.0,Sweden,SWE,1972 Summer,1972,Summer,Munich,Athletics,Athletics Men's Decathlon,,0,0,9.09,5.03,2.88
92969,47103,Lennart Per-Olav Hedmark,M,32.0,195.0,90.0,Sweden,SWE,1976 Summer,1976,Summer,Montreal,Athletics,Athletics Men's Decathlon,,0,0,7.85,4.06,7.11
93258,47221,Aki Ilari Heikkinen,M,20.0,188.0,79.0,Finland,FIN,2000 Summer,2000,Summer,Sydney,Athletics,Athletics Men's Decathlon,,0,0,-0.32,-5.96,-7.32
93587,47379,Adam Sebastian Helcelet,M,24.0,191.0,92.0,Czech Republic,CZE,2016 Summer,2016,Summer,Rio de Janeiro,Athletics,Athletics Men's Decathlon,,0,0,2.9,7.7,-2.4
94534,47846,Freddy Herbrand,M,28.0,190.0,88.0,Belgium,BEL,1972 Summer,1972,Summer,Munich,Athletics,Athletics Men's Decathlon,,0,0,4.09,3.03,2.88
94683,47927,Paul Irvin Herman,M,23.0,188.0,79.0,United States,USA,1964 Summer,1964,Summer,Tokyo,Athletics,Athletics Men's Decathlon,,0,0,4.05,-4.71,-2.67
95019,48115,Laurent Hernu,M,24.0,191.0,85.0,France,FRA,2000 Summer,2000,Summer,Sydney,Athletics,Athletics Men's Decathlon,,0,0,2.68,0.04,-3.32
95020,48115,Laurent Hernu,M,27.0,191.0,85.0,France,FRA,2004 Summer,2004,Summer,Athina,Athletics,Athletics Men's Decathlon,,0,0,1.41,-2.38,1.28
95209,48215,Gert Herunter,M,26.0,190.0,85.0,Austria,AUT,1968 Summer,1968,Summer,Mexico City,Athletics,Athletics Men's Decathlon,,0,0,4.91,0.85,0.09
96185,48701,Jrgen Hingsen,M,26.0,200.0,102.0,West Germany,FRG,1984 Summer,1984,Summer,Los Angeles,Athletics,Athletics Men's Decathlon,Silver,1,0,12.56,17.28,0.88
96186,48701,Jrgen Hingsen,M,30.0,200.0,102.0,West Germany,FRG,1988 Summer,1988,Summer,Seoul,Athletics,Athletics Men's Decathlon,,0,1,11.68,14.76,4.79
96666,48940,Ho Henh Phc,M,28.0,178.0,75.0,South Vietnam,VNM,1968 Summer,1968,Summer,Mexico City,Athletics,Athletics Men's Decathlon,,0,0,-7.09,-9.15,2.09
96838,49034,"Russell Arden ""Russ"" Hodge",M,25.0,190.0,102.0,United States,USA,1964 Summer,1964,Summer,Tokyo,Athletics,Athletics Men's Decathlon,,0,0,6.05,18.29,-0.67
97454,49328,Willi Holdorf,M,24.0,182.0,90.0,Germany,GER,1964 Summer,1964,Summer,Tokyo,Athletics,Athletics Men's Decathlon,Gold,1,0,-1.95,6.29,-1.67
97657,49428,Bjrgvin Hlm,M,25.0,182.0,78.0,Iceland,ISL,1960 Summer,1960,Summer,Roma,Athletics,Athletics Men's Decathlon,,0,0,-2.07,-3.87,0.83
99321,50272,Victor Emmanuel Livingstone Houston,M,22.0,188.0,77.0,Barbados,BAR,1996 Summer,1996,Summer,Atlanta,Athletics,Athletics Men's Decathlon,,0,0,-0.78,-8.21,-4.12
99633,50417,Trond Hiby,M,27.0,196.0,96.0,Norway,NOR,2000 Summer,2000,Summer,Sydney,Athletics,Athletics Men's Decathlon,,0,0,7.68,11.04,-0.32
99669,50433,Roman Hraba,M,26.0,187.0,86.0,Czechoslovakia,TCH,1988 Summer,1988,Summer,Seoul,Athletics,Athletics Men's Decathlon,,0,0,-1.32,-1.24,0.79
100260,50719,Philipp Huber,M,22.0,184.0,83.0,Switzerland,SUI,1996 Summer,1996,Summer,Atlanta,Athletics,Athletics Men's Decathlon,,0,0,-4.78,-2.21,-4.12
100261,50719,Philipp Huber,M,26.0,184.0,83.0,Switzerland,SUI,2000 Summer,2000,Summer,Sydney,Athletics,Athletics Men's Decathlon,,0,0,-4.32,-1.96,-1.32
100517,50834,"Christopher Allen ""Chris"" Huffins",M,26.0,190.0,82.0,United States,USA,1996 Summer,1996,Summer,Atlanta,Athletics,Athletics Men's Decathlon,,0,0,1.22,-3.21,-0.12
100518,50834,"Christopher Allen ""Chris"" Huffins",M,30.0,190.0,82.0,United States,USA,2000 Summer,2000,Summer,Sydney,Athletics,Athletics Men's Decathlon,Bronze,1,0,1.68,-2.96,2.68
104320,52782,Boris Ivanov,M,24.0,185.0,85.0,Soviet Union,URS,1972 Summer,1972,Summer,Munich,Athletics,Athletics Men's Decathlon,,0,0,-0.91,0.03,-1.12
105899,53575,Tadeusz Janczenko,M,26.0,182.0,81.0,Poland,POL,1972 Summer,1972,Summer,Munich,Athletics,Athletics Men's Decathlon,,0,0,-3.91,-3.97,0.88
106456,53854,Kip B. Janvrin,M,35.0,183.0,84.0,United States,USA,2000 Summer,2000,Summer,Sydney,Athletics,Athletics Men's Decathlon,,0,0,-5.32,-0.96,7.68
107440,54297,William Bruce (-Caitlyn Marie) Jenner,M,22.0,188.0,88.0,United States,USA,1972 Summer,1972,Summer,Munich,Athletics,Athletics Men's Decathlon,,0,0,2.09,3.03,-3.12
107441,54297,William Bruce (-Caitlyn Marie) Jenner,M,26.0,188.0,88.0,United States,USA,1976 Summer,1976,Summer,Montreal,Athletics,Athletics Men's Decathlon,Gold,1,0,0.85,2.06,1.11
109488,55355,"David Alan ""Dave"" Johnson",M,25.0,190.0,91.0,United States,USA,1988 Summer,1988,Summer,Seoul,Athletics,Athletics Men's Decathlon,,0,0,1.68,3.76,-0.21
109489,55355,"David Alan ""Dave"" Johnson",M,29.0,190.0,91.0,United States,USA,1992 Summer,1992,Summer,Barcelona,Athletics,Athletics Men's Decathlon,Bronze,1,0,2.11,4.99,3.97
109662,55444,Rafer Lewis Johnson,M,25.0,190.0,91.0,United States,USA,1960 Summer,1960,Summer,Roma,Athletics,Athletics Men's Decathlon,Gold,1,1,5.93,9.13,0.83
109887,55557,Esa Antero Jokinen,M,22.0,192.0,87.5,Finland,FIN,1980 Summer,1980,Summer,Moskva,Athletics,Athletics Men's Decathlon,,0,0,4.1,2.74,-2.1
111915,56664,Markus Jaakko Kahma,M,27.0,187.0,89.0,Finland,FIN,1960 Summer,1960,Summer,Roma,Athletics,Athletics Men's Decathlon,,0,0,2.93,7.13,2.83
112651,57066,"Evert ""Eef"" Kamerbeek",M,26.0,189.0,91.0,Netherlands,NED,1960 Summer,1960,Summer,Roma,Athletics,Athletics Men's Decathlon,,0,0,4.93,9.13,1.83
112652,57066,"Evert ""Eef"" Kamerbeek",M,30.0,189.0,91.0,Netherlands,NED,1964 Summer,1964,Summer,Tokyo,Athletics,Athletics Men's Decathlon,,0,0,5.05,7.29,4.33
113706,57597,Jnis Karlivns,M,22.0,195.0,91.0,Latvia,LAT,2004 Summer,2004,Summer,Athina,Athletics,Athletics Men's Decathlon,,0,0,5.41,3.62,-3.72
113707,57597,Jnis Karlivns,M,26.0,195.0,91.0,Latvia,LAT,2008 Summer,2008,Summer,Beijing,Athletics,Athletics Men's Decathlon,,0,0,5.05,3.65,0.62
113947,57714,Dmitry Vasilyevich Karpov,M,23.0,198.0,98.0,Kazakhstan,KAZ,2004 Summer,2004,Summer,Athina,Athletics,Athletics Men's Decathlon,Bronze,1,0,8.41,10.62,-2.72
113948,57714,Dmitry Vasilyevich Karpov,M,27.0,198.0,98.0,Kazakhstan,KAZ,2008 Summer,2008,Summer,Beijing,Athletics,Athletics Men's Decathlon,,0,1,8.05,10.65,1.62
113949,57714,Dmitry Vasilyevich Karpov,M,31.0,198.0,98.0,Kazakhstan,KAZ,2012 Summer,2012,Summer,London,Athletics,Athletics Men's Decathlon,,0,1,8.26,11.55,5.32
114145,57812,Alper Kasapolu,M,26.0,186.0,83.0,Turkey,TUR,1992 Summer,1992,Summer,Barcelona,Athletics,Athletics Men's Decathlon,,0,0,-1.89,-3.01,0.97
114146,57812,Alper Kasapolu,M,30.0,186.0,83.0,Turkey,TUR,1996 Summer,1996,Summer,Atlanta,Athletics,Athletics Men's Decathlon,,0,0,-2.78,-2.21,3.88
114180,57829,Indrek Kaseorg,M,28.0,194.0,86.0,Estonia,EST,1996 Summer,1996,Summer,Atlanta,Athletics,Athletics Men's Decathlon,,0,0,5.22,0.79,1.88
114181,57829,Indrek Kaseorg,M,32.0,194.0,86.0,Estonia,EST,2000 Summer,2000,Summer,Sydney,Athletics,Athletics Men's Decathlon,,0,0,5.68,1.04,4.68
114260,57864,Oleksiy Serhiyovych Kasianov,M,22.0,191.0,88.0,Ukraine,UKR,2008 Summer,2008,Summer,Beijing,Athletics,Athletics Men's Decathlon,,0,0,1.05,0.65,-3.38
114261,57864,Oleksiy Serhiyovych Kasianov,M,26.0,191.0,88.0,Ukraine,UKR,2012 Summer,2012,Summer,London,Athletics,Athletics Men's Decathlon,,0,0,1.26,1.55,0.32
114262,57864,Oleksiy Serhiyovych Kasianov,M,30.0,191.0,88.0,Ukraine,UKR,2016 Summer,2016,Summer,Rio de Janeiro,Athletics,Athletics Men's Decathlon,,0,0,2.9,3.7,3.6
114630,58042,Ryszard Katus,M,25.0,184.0,81.0,Poland,POL,1972 Summer,1972,Summer,Munich,Athletics,Athletics Men's Decathlon,Bronze,1,0,-1.91,-3.97,-0.12
114631,58042,Ryszard Katus,M,29.0,184.0,81.0,Poland,POL,1976 Summer,1976,Summer,Montreal,Athletics,Athletics Men's Decathlon,,0,1,-3.15,-4.94,4.11
115086,58300,Kai Kazmirek,M,25.0,190.0,88.0,Germany,GER,2016 Summer,2016,Summer,Rio de Janeiro,Athletics,Athletics Men's Decathlon,,0,0,1.9,3.7,-1.4
115542,58533,Gernot Kellermayr,M,26.0,185.0,82.0,Austria,AUT,1992 Summer,1992,Summer,Barcelona,Athletics,Athletics Men's Decathlon,,0,0,-2.89,-4.01,0.97
116404,58909,Petri Juhani Keskitalo,M,21.0,187.0,86.0,Finland,FIN,1988 Summer,1988,Summer,Seoul,Athletics,Athletics Men's Decathlon,,0,0,-1.32,-1.24,-4.21
116405,58909,Petri Juhani Keskitalo,M,25.0,187.0,86.0,Finland,FIN,1992 Summer,1992,Summer,Barcelona,Athletics,Athletics Men's Decathlon,,0,0,-0.89,-0.01,-0.03
119398,60447,Gary William Kinder,M,25.0,186.0,86.0,United States,USA,1988 Summer,1988,Summer,Seoul,Athletics,Athletics Men's Decathlon,,0,0,-2.32,-1.24,-0.21
119443,60466,Barry John King,M,27.0,185.0,90.0,Great Britain,GBR,1972 Summer,1972,Summer,Munich,Athletics,Athletics Men's Decathlon,,0,0,-0.91,5.03,1.88
120034,60774,Joachim Kirst,M,21.0,190.0,93.0,East Germany,GDR,1968 Summer,1968,Summer,Mexico City,Athletics,Athletics Men's Decathlon,,0,0,4.91,8.85,-4.91
120035,60774,Joachim Kirst,M,25.0,190.0,93.0,East Germany,GDR,1972 Summer,1972,Summer,Munich,Athletics,Athletics Men's Decathlon,,0,0,4.09,8.03,-0.12
121684,61526,Jan Felix Knobel,M,23.0,192.0,91.0,Germany,GER,2012 Summer,2012,Summer,London,Athletics,Athletics Men's Decathlon,,0,0,2.26,4.55,-2.68
123188,62250,Mirko Kolnik,M,24.0,180.0,80.0,Yugoslavia,YUG,1960 Summer,1960,Summer,Roma,Athletics,Athletics Men's Decathlon,,0,0,-4.07,-1.87,-0.17
123276,62284,Vitaliy Oleksiyovych Kolpakov,M,24.0,194.0,87.0,Ukraine,UKR,1996 Summer,1996,Summer,Atlanta,Athletics,Athletics Men's Decathlon,,0,0,5.22,1.79,-2.12
124321,62799,Prodromos Korkizoglou,M,25.0,189.0,78.0,Greece,GRE,2000 Summer,2000,Summer,Sydney,Athletics,Athletics Men's Decathlon,,0,0,0.68,-6.96,-2.32
124322,62799,Prodromos Korkizoglou,M,29.0,189.0,78.0,Greece,GRE,2004 Summer,2004,Summer,Athina,Athletics,Athletics Men's Decathlon,,0,0,-0.59,-9.38,3.28
126522,63807,Guido Kratschmer,M,23.0,186.0,94.0,West Germany,FRG,1976 Summer,1976,Summer,Montreal,Athletics,Athletics Men's Decathlon,Silver,1,0,-1.15,8.06,-1.89
126523,63807,Guido Kratschmer,M,31.0,186.0,94.0,West Germany,FRG,1984 Summer,1984,Summer,Los Angeles,Athletics,Athletics Men's Decathlon,,0,1,-1.44,9.28,5.88
126669,63875,Andrey Sergeyevich Kravchenko,M,22.0,191.0,83.0,Belarus,BLR,2008 Summer,2008,Summer,Beijing,Athletics,Athletics Men's Decathlon,Silver,1,0,1.05,-4.35,-3.38
127599,64317,"Alexander Eaton ""Alex"" Kruger",M,24.0,193.0,90.0,Great Britain,GBR,1988 Summer,1988,Summer,Seoul,Athletics,Athletics Men's Decathlon,,0,0,4.68,2.76,-1.21
127600,64317,"Alexander Eaton ""Alex"" Kruger",M,32.0,193.0,90.0,Great Britain,GBR,1996 Summer,1996,Summer,Atlanta,Athletics,Athletics Men's Decathlon,,0,0,4.22,4.79,5.88
127978,64488,Ku Chin-Shui,M,24.0,180.0,73.0,Chinese Taipei,TPE,1984 Summer,1984,Summer,Los Angeles,Athletics,Athletics Men's Decathlon,,0,0,-7.44,-11.72,-1.12
128867,64867,Valter Klvet,M,24.0,190.0,91.0,Soviet Union,URS,1988 Summer,1988,Summer,Seoul,Athletics,Athletics Men's Decathlon,,0,0,1.68,3.76,-1.21
129131,65014,Hansruedi Kunz,M,23.0,182.0,86.0,Switzerland,SUI,1968 Summer,1968,Summer,Mexico City,Athletics,Athletics Men's Decathlon,,0,0,-3.09,1.85,-2.91
129513,65198,Zsolt Istvn Krtsi,M,25.0,188.0,88.0,Hungary,HUN,1996 Summer,1996,Summer,Atlanta,Athletics,Athletics Men's Decathlon,,0,0,-0.78,2.79,-1.12
129514,65198,Zsolt Istvn Krtsi,M,29.0,188.0,88.0,Hungary,HUN,2000 Summer,2000,Summer,Sydney,Athletics,Athletics Men's Decathlon,,0,0,-0.32,3.04,1.68
129659,65276,Yuriy Kostiantynovych Kutenko,M,28.0,187.0,90.0,Soviet Union,URS,1960 Summer,1960,Summer,Roma,Athletics,Athletics Men's Decathlon,,0,0,2.93,8.13,3.83
129697,65295,Yury Mikhaylovich Kutsenko,M,28.0,190.0,93.0,Soviet Union,URS,1980 Summer,1980,Summer,Moskva,Athletics,Athletics Men's Decathlon,Silver,1,0,2.1,8.24,3.9
129906,65402,Vasily Dmitriyevich Kuznetsov,M,28.0,185.0,83.0,Soviet Union,URS,1960 Summer,1960,Summer,Roma,Athletics,Athletics Men's Decathlon,Bronze,1,1,0.93,1.13,3.83
129907,65402,Vasily Dmitriyevich Kuznetsov,M,32.0,185.0,83.0,Soviet Union,URS,1964 Summer,1964,Summer,Tokyo,Athletics,Athletics Men's Decathlon,,0,2,1.05,-0.71,6.33
131018,65950,Johannes Kristian Lahti,M,24.0,181.0,79.5,Finland,FIN,1976 Summer,1976,Summer,Montreal,Athletics,Athletics Men's Decathlon,,0,0,-6.15,-6.44,-0.89
131019,65950,Johannes Kristian Lahti,M,28.0,181.0,79.5,Finland,FIN,1980 Summer,1980,Summer,Moskva,Athletics,Athletics Men's Decathlon,,0,0,-6.9,-5.26,3.9
131141,66005,Juris Laipenieks,M,20.0,184.0,80.0,Chile,CHI,1960 Summer,1960,Summer,Roma,Athletics,Athletics Men's Decathlon,,0,0,-0.07,-1.87,-4.17
132204,66533,Jnis Lanka,M,28.0,186.0,86.0,Soviet Union,URS,1968 Summer,1968,Summer,Mexico City,Athletics,Athletics Men's Decathlon,,0,0,0.91,1.85,2.09
133292,67092,Fedir Laukhin,M,26.0,184.0,75.0,Ukraine,UKR,2000 Summer,2000,Summer,Sydney,Athletics,Athletics Men's Decathlon,,0,0,-4.32,-9.96,-1.32
134175,67552,Yves Le Roy,M,21.0,191.0,87.0,France,FRA,1972 Summer,1972,Summer,Munich,Athletics,Athletics Men's Decathlon,,0,0,5.09,2.03,-4.12
134887,67868,Lee Fu-An,M,20.0,185.0,74.0,Chinese Taipei,TPE,1984 Summer,1984,Summer,Los Angeles,Athletics,Athletics Men's Decathlon,,0,0,-2.44,-10.72,-5.12
134888,67868,Lee Fu-An,M,24.0,185.0,74.0,Chinese Taipei,TPE,1988 Summer,1988,Summer,Seoul,Athletics,Athletics Men's Decathlon,,0,0,-3.32,-13.24,-1.21
134922,67887,Lee Gwang-Ik,M,19.0,181.0,80.0,South Korea,KOR,1988 Summer,1988,Summer,Seoul,Athletics,Athletics Men's Decathlon,,0,0,-7.32,-7.24,-6.21
136987,68870,Heikki Olavi Leppnen,M,29.0,194.0,96.0,Finland,FIN,1976 Summer,1976,Summer,Montreal,Athletics,Athletics Men's Decathlon,,0,0,6.85,10.06,4.11
137234,68996,Roger Lespagnard,M,21.0,180.0,78.0,Belgium,BEL,1968 Summer,1968,Summer,Mexico City,Athletics,Athletics Men's Decathlon,,0,0,-5.09,-6.15,-4.91
137235,68996,Roger Lespagnard,M,25.0,180.0,78.0,Belgium,BEL,1972 Summer,1972,Summer,Munich,Athletics,Athletics Men's Decathlon,,0,0,-5.91,-6.97,-0.12
137236,68996,Roger Lespagnard,M,29.0,180.0,78.0,Belgium,BEL,1976 Summer,1976,Summer,Montreal,Athletics,Athletics Men's Decathlon,,0,0,-7.15,-7.94,4.11
137545,69141,Sbastien Levicq,M,25.0,186.0,81.0,France,FRA,1996 Summer,1996,Summer,Atlanta,Athletics,Athletics Men's Decathlon,,0,0,-2.78,-4.21,-1.12
137546,69141,Sbastien Levicq,M,29.0,186.0,81.0,France,FRA,2000 Summer,2000,Summer,Sydney,Athletics,Athletics Men's Decathlon,,0,0,-2.32,-3.96,1.68
137832,69276,Dennis Leyckes,M,22.0,184.0,80.0,Germany,GER,2004 Summer,2004,Summer,Athina,Athletics,Athletics Men's Decathlon,,0,0,-5.59,-7.38,-3.72
141096,70812,Luiggy Llanos Cruz,M,25.0,182.0,80.0,Puerto Rico,PUR,2004 Summer,2004,Summer,Athina,Athletics,Athletics Men's Decathlon,,0,0,-7.59,-7.38,-0.72
141351,70935,Lev Alekseyevich Lobodin,M,27.0,188.0,93.0,Ukraine,UKR,1996 Summer,1996,Summer,Atlanta,Athletics,Athletics Men's Decathlon,,0,0,-0.78,7.79,0.88
141352,70935,Lev Alekseyevich Lobodin,M,31.0,188.0,93.0,Russia,RUS,2000 Summer,2000,Summer,Sydney,Athletics,Athletics Men's Decathlon,,0,0,-0.32,8.04,3.68
141353,70935,Lev Alekseyevich Lobodin,M,35.0,188.0,93.0,Russia,RUS,2004 Summer,2004,Summer,Athina,Athletics,Athletics Men's Decathlon,,0,0,-1.59,5.62,9.28
141915,71193,Aric Solomon Long,M,22.0,190.0,92.0,United States,USA,1992 Summer,1992,Summer,Barcelona,Athletics,Athletics Men's Decathlon,,0,0,2.11,5.99,-3.03
141973,71222,Clive Citreon Olaf Longe,M,29.0,185.0,90.0,Great Britain,GBR,1968 Summer,1968,Summer,Mexico City,Athletics,Athletics Men's Decathlon,,0,0,-0.09,5.85,3.09
142592,71548,Santiago Lorenzo,M,26.0,191.0,93.0,Argentina,ARG,2004 Summer,2004,Summer,Athina,Athletics,Athletics Men's Decathlon,,0,0,1.41,5.62,0.28
143636,72098,Dariusz Marek Ludwig,M,25.0,186.0,84.0,Poland,POL,1980 Summer,1980,Summer,Moskva,Athletics,Athletics Men's Decathlon,,0,0,-1.9,-0.76,0.9
144852,72693,Leonid Dmytrovych Lytvynenko,M,23.0,185.0,87.0,Soviet Union,URS,1972 Summer,1972,Summer,Munich,Athletics,Athletics Men's Decathlon,Silver,1,0,-0.91,2.03,-2.12
144853,72693,Leonid Dmytrovych Lytvynenko,M,27.0,185.0,87.0,Soviet Union,URS,1976 Summer,1976,Summer,Montreal,Athletics,Athletics Men's Decathlon,,0,1,-2.15,1.06,2.11
145262,72907,Dean Alan Macey,M,22.0,196.0,92.0,Great Britain,GBR,2000 Summer,2000,Summer,Sydney,Athletics,Athletics Men's Decathlon,,0,0,7.68,7.04,-5.32
145263,72907,Dean Alan Macey,M,26.0,196.0,92.0,Great Britain,GBR,2004 Summer,2004,Summer,Athina,Athletics,Athletics Men's Decathlon,,0,0,6.41,4.62,0.28
145763,73149,Mike Maczey,M,27.0,188.0,81.0,Germany,GER,2000 Summer,2000,Summer,Sydney,Athletics,Athletics Men's Decathlon,,0,0,-0.32,-3.96,-0.32
146399,73468,Jn Arnar Magnsson,M,26.0,183.0,86.0,Iceland,ISL,1996 Summer,1996,Summer,Atlanta,Athletics,Athletics Men's Decathlon,,0,0,-5.78,0.79,-0.12
146400,73468,Jn Arnar Magnsson,M,31.0,183.0,86.0,Iceland,ISL,2000 Summer,2000,Summer,Sydney,Athletics,Athletics Men's Decathlon,,0,0,-5.32,1.04,3.68
146401,73468,Jn Arnar Magnsson,M,35.0,183.0,86.0,Iceland,ISL,2004 Summer,2004,Summer,Athina,Athletics,Athletics Men's Decathlon,,0,0,-6.59,-1.38,9.28
148169,74350,Horst Mandl,M,32.0,187.0,86.0,Austria,AUT,1968 Summer,1968,Summer,Mexico City,Athletics,Athletics Men's Decathlon,,0,0,1.91,1.85,6.09
148340,74428,"Rudolf ""Ruedi"" Mangisch",M,19.0,184.0,84.0,Switzerland,SUI,1972 Summer,1972,Summer,Munich,Athletics,Athletics Men's Decathlon,,0,0,-1.91,-0.97,-6.12
149352,74917,Claus-Hermann Marek,M,22.0,186.0,89.0,West Germany,FRG,1976 Summer,1976,Summer,Montreal,Athletics,Athletics Men's Decathlon,,0,0,-1.15,3.06,-2.89
149590,75031,Lopold Marien,M,26.0,180.0,78.0,Belgium,BEL,1960 Summer,1960,Summer,Roma,Athletics,Athletics Men's Decathlon,,0,0,-4.07,-3.87,1.83
150795,75663,Eugne Julien Martineau,M,24.0,180.0,80.0,Netherlands,NED,2004 Summer,2004,Summer,Athina,Athletics,Athletics Men's Decathlon,,0,0,-9.59,-7.38,-1.72
150796,75663,Eugne Julien Martineau,M,28.0,180.0,80.0,Netherlands,NED,2008 Summer,2008,Summer,Beijing,Athletics,Athletics Men's Decathlon,,0,0,-9.95,-7.35,2.62
153401,76987,Kvin Mayer,M,20.0,186.0,77.0,France,FRA,2012 Summer,2012,Summer,London,Athletics,Athletics Men's Decathlon,,0,0,-3.74,-9.45,-5.68
153402,76987,Kvin Mayer,M,24.0,186.0,77.0,France,FRA,2016 Summer,2016,Summer,Rio de Janeiro,Athletics,Athletics Men's Decathlon,Silver,1,0,-2.1,-7.3,-2.4
155293,77963,"Bradley Steven ""Brad"" McStravick",M,24.0,184.0,80.0,Great Britain,GBR,1980 Summer,1980,Summer,Moskva,Athletics,Athletics Men's Decathlon,,0,0,-3.9,-4.76,-0.1
155294,77963,"Bradley Steven ""Brad"" McStravick",M,28.0,184.0,80.0,Great Britain,GBR,1984 Summer,1984,Summer,Los Angeles,Athletics,Athletics Men's Decathlon,,0,0,-3.44,-4.72,2.88
155827,78235,Paul Meier,M,20.0,194.0,86.0,Germany,GER,1992 Summer,1992,Summer,Barcelona,Athletics,Athletics Men's Decathlon,,0,0,6.11,-0.01,-5.03
155836,78240,Walter Meier,M,33.0,186.0,85.0,Germany,GER,1960 Summer,1960,Summer,Roma,Athletics,Athletics Men's Decathlon,,0,0,1.93,3.13,8.83
156240,78463,Santiago Mellado,M,25.0,172.0,75.0,El Salvador,ESA,1988 Summer,1988,Summer,Seoul,Athletics,Athletics Men's Decathlon,,0,0,-16.32,-12.24,-0.21
158551,79588,Rodolfo Mijares Garza,M,22.0,180.0,75.0,Mexico,MEX,1960 Summer,1960,Summer,Roma,Athletics,Athletics Men's Decathlon,,0,0,-4.07,-6.87,-2.17
158619,79625,Eduard Viktorovich Mikhan,M,23.0,195.0,86.0,Belarus,BLR,2012 Summer,2012,Summer,London,Athletics,Athletics Men's Decathlon,,0,0,5.26,-0.45,-2.68
159118,79867,Albert Barry Miller,M,26.0,185.0,78.0,Fiji,FIJ,1984 Summer,1984,Summer,Los Angeles,Athletics,Athletics Men's Decathlon,,0,0,-2.44,-6.72,0.88
159120,79867,Albert Barry Miller,M,30.0,185.0,78.0,Fiji,FIJ,1988 Summer,1988,Summer,Seoul,Athletics,Athletics Men's Decathlon,,0,0,-3.32,-9.24,4.79
159122,79867,Albert Barry Miller,M,34.0,185.0,78.0,Fiji,FIJ,1992 Summer,1992,Summer,Barcelona,Athletics,Athletics Men's Decathlon,,0,0,-2.89,-8.01,8.97
161891,81278,Erich Momberger,M,23.0,187.0,85.0,Papua New Guinea,PNG,1992 Summer,1992,Summer,Barcelona,Athletics,Athletics Men's Decathlon,,0,0,-0.89,-1.01,-2.03
163738,82187,"Guerrino ""Gerry"" Moro",M,21.0,184.0,84.0,Canada,CAN,1964 Summer,1964,Summer,Tokyo,Athletics,Athletics Men's Decathlon,,0,0,0.05,0.29,-4.67
163739,82187,"Guerrino ""Gerry"" Moro",M,29.0,184.0,84.0,Canada,CAN,1972 Summer,1972,Summer,Munich,Athletics,Athletics Men's Decathlon,,0,0,-1.91,-0.97,3.88
164172,82407,Severin Moser,M,25.0,186.0,80.0,Switzerland,SUI,1988 Summer,1988,Summer,Seoul,Athletics,Athletics Men's Decathlon,,0,0,-2.32,-7.24,-0.21
164396,82535,William Motti,M,20.0,198.0,95.0,France,FRA,1984 Summer,1984,Summer,Los Angeles,Athletics,Athletics Men's Decathlon,,0,0,10.56,10.28,-5.12
164397,82535,William Motti,M,27.0,198.0,95.0,France,FRA,1992 Summer,1992,Summer,Barcelona,Athletics,Athletics Men's Decathlon,,0,0,10.11,8.99,1.97
164579,82638,Ahmad Hassan Moussa,M,23.0,188.0,80.0,Qatar,QAT,2004 Summer,2004,Summer,Athina,Athletics,Athletics Men's Decathlon,,0,0,-1.59,-7.38,-2.72
164955,82844,"Johann ""Hans"" Muchitsch",M,27.0,182.0,72.0,Austria,AUT,1960 Summer,1960,Summer,Roma,Athletics,Athletics Men's Decathlon,,0,0,-2.07,-9.87,2.83
165317,83019,"Philip Roy ""Phil"" Mulkey",M,27.0,178.0,75.0,United States,USA,1960 Summer,1960,Summer,Roma,Athletics,Athletics Men's Decathlon,,0,0,-6.07,-6.87,2.83
165374,83062,Frank Mller,M,24.0,193.0,78.0,Germany,GER,1992 Summer,1992,Summer,Barcelona,Athletics,Athletics Men's Decathlon,,0,0,5.11,-8.01,-1.03
165375,83062,Frank Mller,M,28.0,193.0,78.0,Germany,GER,1996 Summer,1996,Summer,Atlanta,Athletics,Athletics Men's Decathlon,,0,0,4.22,-7.21,1.88
165837,83303,Sndor Munkcsy,M,23.0,184.0,83.0,Hungary,HUN,1992 Summer,1992,Summer,Barcelona,Athletics,Athletics Men's Decathlon,,0,0,-3.89,-3.01,-2.03
166811,83800,"Robert Stanley ""Rob"" Muzzio",M,28.0,188.0,91.0,United States,USA,1992 Summer,1992,Summer,Barcelona,Athletics,Athletics Men's Decathlon,,0,0,0.11,4.99,2.97
166822,83811,Wilfred Mwalawanda Ngwenya,M,27.0,175.0,78.0,Malawi,MAW,1972 Summer,1972,Summer,Munich,Athletics,Athletics Men's Decathlon,,0,0,-10.91,-6.97,1.88
166945,83879,Volodymyr Oleksiyovych Mykhailenko,M,27.0,190.0,79.0,Ukraine,UKR,2000 Summer,2000,Summer,Sydney,Athletics,Athletics Men's Decathlon,,0,0,1.68,-5.96,-0.32
167773,84301,Akihiko Nakamura,M,25.0,180.0,73.0,Japan,JPN,2016 Summer,2016,Summer,Rio de Janeiro,Athletics,Athletics Men's Decathlon,,0,0,-8.1,-11.3,-1.4
168801,84849,Andrei Nazarov,M,27.0,190.0,80.0,Estonia,EST,1992 Summer,1992,Summer,Barcelona,Athletics,Athletics Men's Decathlon,,0,0,2.11,-6.01,1.97
168802,84849,Andrei Nazarov,M,31.0,190.0,80.0,Estonia,EST,1996 Summer,1996,Summer,Atlanta,Athletics,Athletics Men's Decathlon,,0,0,1.22,-5.21,4.88
170276,85557,Brent Newdick,M,27.0,186.0,90.0,New Zealand,NZL,2012 Summer,2012,Summer,London,Athletics,Athletics Men's Decathlon,,0,0,-3.74,3.55,1.32
171619,86237,Andr Niklaus,M,26.0,190.0,84.0,Germany,GER,2008 Summer,2008,Summer,Beijing,Athletics,Athletics Men's Decathlon,,0,0,0.05,-3.35,0.62
171622,86239,Stephan Niklaus,M,22.0,189.0,90.0,Switzerland,SUI,1980 Summer,1980,Summer,Moskva,Athletics,Athletics Men's Decathlon,,0,0,1.1,5.24,-2.1
172800,86823,Erki Nool,M,22.0,184.0,84.0,Estonia,EST,1992 Summer,1992,Summer,Barcelona,Athletics,Athletics Men's Decathlon,,0,0,-3.89,-2.01,-3.03
172801,86823,Erki Nool,M,26.0,184.0,84.0,Estonia,EST,1996 Summer,1996,Summer,Atlanta,Athletics,Athletics Men's Decathlon,,0,0,-4.78,-1.21,-0.12
172802,86823,Erki Nool,M,30.0,184.0,84.0,Estonia,EST,2000 Summer,2000,Summer,Sydney,Athletics,Athletics Men's Decathlon,Gold,1,0,-4.32,-0.96,2.68
172803,86823,Erki Nool,M,34.0,184.0,84.0,Estonia,EST,2004 Summer,2004,Summer,Athina,Athletics,Athletics Men's Decathlon,,0,1,-5.59,-3.38,8.28
174514,87651,"Daniel Dion ""Dan"" O'Brien",M,30.0,188.0,84.0,United States,USA,1996 Summer,1996,Summer,Atlanta,Athletics,Athletics Men's Decathlon,Gold,1,0,-0.78,-1.21,3.88
174880,87853,Carlos O'Connell,M,25.0,192.0,93.0,Ireland,IRL,1988 Summer,1988,Summer,Seoul,Athletics,Athletics Men's Decathlon,,0,0,3.68,5.76,-0.21
175766,88352,Jaakko Matias Ojaniemi,M,23.0,193.0,87.0,Finland,FIN,2004 Summer,2004,Summer,Athina,Athletics,Athletics Men's Decathlon,,0,0,3.41,-0.38,-2.72
176186,88587,Lars Mikael Olander,M,25.0,188.0,90.0,Sweden,SWE,1988 Summer,1988,Summer,Seoul,Athletics,Athletics Men's Decathlon,,0,0,-0.32,2.76,-0.21
179839,90386,Luciano Paccagnella,M,21.0,195.0,85.0,Italy,ITA,1960 Summer,1960,Summer,Roma,Athletics,Athletics Men's Decathlon,,0,0,10.93,3.13,-3.17
180250,90587,Mikk Pahapill,M,25.0,197.0,93.0,Estonia,EST,2008 Summer,2008,Summer,Beijing,Athletics,Athletics Men's Decathlon,,0,0,7.05,5.65,-0.38
180333,90632,Dirk-Achim Pajonk,M,27.0,190.0,80.0,Germany,GER,1996 Summer,1996,Summer,Atlanta,Athletics,Athletics Men's Decathlon,,0,0,1.22,-5.21,0.88
181645,91295,"Thomas ""Tom"" Pappas",M,24.0,196.0,98.0,United States,USA,2000 Summer,2000,Summer,Sydney,Athletics,Athletics Men's Decathlon,,0,0,7.68,13.04,-3.32
181646,91295,"Thomas ""Tom"" Pappas",M,27.0,196.0,98.0,United States,USA,2004 Summer,2004,Summer,Athina,Athletics,Athletics Men's Decathlon,,0,0,6.41,10.62,1.28
181647,91295,"Thomas ""Tom"" Pappas",M,31.0,196.0,98.0,United States,USA,2008 Summer,2008,Summer,Beijing,Athletics,Athletics Men's Decathlon,,0,0,6.05,10.65,5.62
182392,91689,Aleksandr Aleksandrovich Parkhomenko,M,23.0,182.0,85.0,Belarus,BLR,2004 Summer,2004,Summer,Athina,Athletics,Athletics Men's Decathlon,,0,0,-7.59,-2.38,-2.72
182393,91689,Aleksandr Aleksandrovich Parkhomenko,M,27.0,182.0,85.0,Belarus,BLR,2008 Summer,2008,Summer,Beijing,Athletics,Athletics Men's Decathlon,,0,0,-7.95,-2.35,1.62
184972,92971,Antonio Pealver Asencio,M,19.0,193.0,93.0,Spain,ESP,1988 Summer,1988,Summer,Seoul,Athletics,Athletics Men's Decathlon,,0,0,4.68,5.76,-6.21
184973,92971,Antonio Pealver Asencio,M,23.0,193.0,93.0,Spain,ESP,1992 Summer,1992,Summer,Barcelona,Athletics,Athletics Men's Decathlon,Silver,1,0,5.11,6.99,-2.03
184974,92971,Antonio Pealver Asencio,M,27.0,193.0,93.0,Spain,ESP,1996 Summer,1996,Summer,Atlanta,Athletics,Athletics Men's Decathlon,,0,1,4.22,7.79,0.88
185882,93459,Hans-Joachim Perk,M,26.0,188.0,87.0,West Germany,FRG,1972 Summer,1972,Summer,Munich,Athletics,Athletics Men's Decathlon,,0,0,2.09,2.03,0.88
185975,93499,Ludk Pernica,M,26.0,189.0,84.0,Czechoslovakia,TCH,1976 Summer,1976,Summer,Montreal,Athletics,Athletics Men's Decathlon,,0,0,1.85,-1.94,1.11
188732,94811,Lauri Raimo Pihl,M,26.0,187.0,90.0,Sweden,SWE,1976 Summer,1976,Summer,Montreal,Athletics,Athletics Men's Decathlon,,0,0,-0.15,4.06,1.11
189453,95146,"Douglas Stuart ""Doug"" Pirini",M,26.0,181.0,78.0,New Zealand,NZL,1996 Summer,1996,Summer,Atlanta,Athletics,Athletics Men's Decathlon,,0,0,-7.78,-7.21,-0.12
189731,95290,Rojs Piziks,M,25.0,195.0,90.0,Latvia,LAT,1996 Summer,1996,Summer,Atlanta,Athletics,Athletics Men's Decathlon,,0,0,6.22,4.79,-1.12
190005,95431,Christian Plaziat,M,24.0,191.0,87.0,France,FRA,1988 Summer,1988,Summer,Seoul,Athletics,Athletics Men's Decathlon,,0,0,2.68,-0.24,-1.21
190006,95431,Christian Plaziat,M,28.0,191.0,87.0,France,FRA,1992 Summer,1992,Summer,Barcelona,Athletics,Athletics Men's Decathlon,,0,0,3.11,0.99,2.97
190007,95431,Christian Plaziat,M,32.0,191.0,87.0,France,FRA,1996 Summer,1996,Summer,Atlanta,Athletics,Athletics Men's Decathlon,,0,0,2.22,1.79,5.88
190409,95637,Simon Roderick Poelman,M,25.0,187.0,95.0,New Zealand,NZL,1988 Summer,1988,Summer,Seoul,Athletics,Athletics Men's Decathlon,,0,0,-1.32,7.76,-0.21
190410,95637,Simon Roderick Poelman,M,29.0,187.0,95.0,New Zealand,NZL,1992 Summer,1992,Summer,Barcelona,Athletics,Athletics Men's Decathlon,,0,0,-0.89,8.99,3.97
190471,95664,Aleksandr Gennadyevich Pogorelov,M,24.0,201.0,97.0,Russia,RUS,2004 Summer,2004,Summer,Athina,Athletics,Athletics Men's Decathlon,,0,0,11.41,9.62,-1.72
190472,95664,Aleksandr Gennadyevich Pogorelov,M,28.0,201.0,97.0,Russia,RUS,2008 Summer,2008,Summer,Beijing,Athletics,Athletics Men's Decathlon,,0,0,11.05,9.65,2.62
191944,96375,Beniamino Poserina,M,25.0,186.0,76.0,Italy,ITA,1996 Summer,1996,Summer,Atlanta,Athletics,Athletics Men's Decathlon,,0,0,-2.78,-9.21,-1.12
192162,96482,Rainer-Dieter Pottel,M,26.0,185.0,70.0,East Germany,GDR,1980 Summer,1980,Summer,Moskva,Athletics,Athletics Men's Decathlon,,0,0,-2.9,-14.76,1.9
194767,97751,Qi Haifeng,M,21.0,195.0,85.0,China,CHN,2004 Summer,2004,Summer,Athina,Athletics,Athletics Men's Decathlon,,0,0,5.41,-2.38,-4.72
194768,97751,Qi Haifeng,M,24.0,195.0,85.0,China,CHN,2008 Summer,2008,Summer,Beijing,Athletics,Athletics Men's Decathlon,,0,0,5.05,-2.35,-1.38
195442,98113,Viktor Radchenko,M,24.0,190.0,89.0,Unified Team,EUN,1992 Summer,1992,Summer,Barcelona,Athletics,Athletics Men's Decathlon,,0,0,2.11,2.99,-1.03
195928,98383,Kristjan Rahnu,M,24.0,192.0,90.0,Estonia,EST,2004 Summer,2004,Summer,Athina,Athletics,Athletics Men's Decathlon,,0,0,2.41,2.62,-1.72
196087,98449,Andres Raja,M,26.0,187.0,82.0,Estonia,EST,2008 Summer,2008,Summer,Beijing,Athletics,Athletics Men's Decathlon,,0,0,-2.95,-5.35,0.62
196243,98523,Dominique Rakotorahalahy,M,24.0,168.0,67.0,Madagascar,MAD,1968 Summer,1968,Summer,Mexico City,Athletics,Athletics Men's Decathlon,,0,0,-17.09,-17.15,-1.91
197774,99304,Roman Razbeyko,M,27.0,188.0,89.0,Russia,RUS,2000 Summer,2000,Summer,Sydney,Athletics,Athletics Men's Decathlon,,0,0,-0.32,4.04,-0.32
200080,100488,"Gregory Roy ""Greg"" Richards",M,32.0,194.0,92.0,Great Britain,GBR,1988 Summer,1988,Summer,Seoul,Athletics,Athletics Men's Decathlon,,0,0,5.68,4.76,6.79
203920,102375,"Miroslav ""Miro"" Ronac Moeri",M,18.0,188.0,85.0,Peru,PER,1980 Summer,1980,Summer,Moskva,Athletics,Athletics Men's Decathlon,,0,0,0.1,0.24,-6.1
204346,102596,"Jacobus Cornelis ""Jack"" Rosendaal",M,22.0,184.0,84.0,Netherlands,NED,1996 Summer,1996,Summer,Atlanta,Athletics,Athletics Men's Decathlon,,0,0,-4.78,-1.21,-4.12
205875,103333,Michele Rfenacht,M,24.0,186.0,86.0,Switzerland,SUI,1984 Summer,1984,Summer,Los Angeles,Athletics,Athletics Men's Decathlon,,0,0,-1.44,1.28,-1.12
206844,103812,Ji Ryba,M,24.0,195.0,95.0,Czech Republic,CZE,2000 Summer,2000,Summer,Sydney,Athletics,Athletics Men's Decathlon,,0,0,6.68,10.04,-3.32
208938,104884,Karl Robert Saluri,M,22.0,178.0,75.0,Estonia,EST,2016 Summer,2016,Summer,Rio de Janeiro,Athletics,Athletics Men's Decathlon,,0,0,-10.1,-9.3,-4.4
209029,104940,"Frederick Ameen ""Fred"" Samara",M,26.0,183.0,80.0,United States,USA,1976 Summer,1976,Summer,Montreal,Athletics,Athletics Men's Decathlon,,0,0,-4.15,-5.94,1.11
210540,105718,Franco Sar,M,26.0,188.0,88.0,Italy,ITA,1960 Summer,1960,Summer,Roma,Athletics,Athletics Men's Decathlon,,0,0,3.93,6.13,1.83
210541,105718,Franco Sar,M,30.0,188.0,88.0,Italy,ITA,1964 Summer,1964,Summer,Tokyo,Athletics,Athletics Men's Decathlon,,0,0,4.05,4.29,4.33
212563,106726,Christian Schenk,M,23.0,200.0,93.0,East Germany,GDR,1988 Summer,1988,Summer,Seoul,Athletics,Athletics Men's Decathlon,Gold,1,0,11.68,5.76,-2.21
213198,107053,Stefan Schmid,M,30.0,186.0,78.0,Germany,GER,2000 Summer,2000,Summer,Sydney,Athletics,Athletics Men's Decathlon,,0,0,-2.32,-6.96,2.68
213769,107348,Jean-Pierre Schoebel,M,23.0,188.0,88.0,France,FRA,1972 Summer,1972,Summer,Munich,Athletics,Athletics Men's Decathlon,,0,0,2.09,3.03,-2.12
213896,107413,Florian Schnbeck,M,30.0,190.0,91.0,Germany,GER,2004 Summer,2004,Summer,Athina,Athletics,Athletics Men's Decathlon,,0,0,0.41,3.62,4.28
214049,107482,Michael Schrader,M,21.0,184.0,81.0,Germany,GER,2008 Summer,2008,Summer,Beijing,Athletics,Athletics Men's Decathlon,,0,0,-5.95,-6.35,-4.38
214138,107521,Stefan Schreyer,M,25.0,185.0,84.0,East Germany,GDR,1972 Summer,1972,Summer,Munich,Athletics,Athletics Men's Decathlon,,0,0,-0.91,-0.97,-0.12
214686,107787,Eltjo Marinus Jan Schutter,M,23.0,191.0,78.0,Netherlands,NED,1976 Summer,1976,Summer,Montreal,Athletics,Athletics Men's Decathlon,,0,0,3.85,-7.94,-1.89
214916,107889,Roland Schwarzl,M,23.0,199.0,91.0,Austria,AUT,2004 Summer,2004,Summer,Athina,Athletics,Athletics Men's Decathlon,,0,0,9.41,3.62,-2.72
215364,108127,Roman ebrle,M,25.0,186.0,88.0,Czech Republic,CZE,2000 Summer,2000,Summer,Sydney,Athletics,Athletics Men's Decathlon,Silver,1,0,-2.32,3.04,-2.32
215365,108127,Roman ebrle,M,29.0,186.0,88.0,Czech Republic,CZE,2004 Summer,2004,Summer,Athina,Athletics,Athletics Men's Decathlon,Gold,1,1,-3.59,0.62,3.28
215366,108127,Roman ebrle,M,33.0,186.0,88.0,Czech Republic,CZE,2008 Summer,2008,Summer,Beijing,Athletics,Athletics Men's Decathlon,,0,2,-3.95,0.65,7.62
215367,108127,Roman ebrle,M,37.0,186.0,88.0,Czech Republic,CZE,2012 Summer,2012,Summer,London,Athletics,Athletics Men's Decathlon,,0,2,-3.74,1.55,11.32
216567,108736,Hadi Sepehrzad,M,25.0,186.0,100.0,Iran,IRI,2008 Summer,2008,Summer,Beijing,Athletics,Athletics Men's Decathlon,,0,0,-3.95,12.65,-0.38
216689,108796,Dramane Sereme,M,22.0,181.0,80.0,Mali,MLI,1964 Summer,1964,Summer,Tokyo,Athletics,Athletics Men's Decathlon,,0,0,-2.95,-3.71,-3.67
218795,109888,Simon Shirley,M,22.0,190.0,90.0,Australia,AUS,1988 Summer,1988,Summer,Seoul,Athletics,Athletics Men's Decathlon,,0,0,1.68,2.76,-3.21
218882,109930,Ilya Yuryevich Shkurenyov,M,21.0,191.0,82.0,Russia,RUS,2012 Summer,2012,Summer,London,Athletics,Athletics Men's Decathlon,,0,0,1.26,-4.45,-4.68
219082,110051,Nikolay Shubyonok,M,23.0,188.0,86.0,Belarus,BLR,2008 Summer,2008,Summer,Beijing,Athletics,Athletics Men's Decathlon,,0,0,-1.95,-1.35,-2.38
221249,111180,Vijay Singh Chauhan,M,23.0,183.0,78.0,India,IND,1972 Summer,1972,Summer,Munich,Athletics,Athletics Men's Decathlon,,0,0,-2.91,-6.97,-2.12
221329,111234,Gurbachan Singh Randhawa,M,21.0,183.0,71.0,India,IND,1960 Summer,1960,Summer,Roma,Athletics,Athletics Men's Decathlon,,0,0,-1.07,-10.87,-3.17
221493,111319,Eelco Peter Sintnicolaas,M,25.0,186.0,80.0,Netherlands,NED,2012 Summer,2012,Summer,London,Athletics,Athletics Men's Decathlon,,0,0,-3.74,-6.45,-0.68
221494,111319,Eelco Peter Sintnicolaas,M,29.0,186.0,80.0,Netherlands,NED,2016 Summer,2016,Summer,Rio de Janeiro,Athletics,Athletics Men's Decathlon,,0,0,-2.1,-4.3,2.6
221719,111434,Damjan Sitar,M,26.0,196.0,88.0,Slovenia,SLO,2008 Summer,2008,Summer,Beijing,Athletics,Athletics Men's Decathlon,,0,0,6.05,0.65,0.62
222494,111775,Ryszard Skowronek,M,23.0,183.0,81.0,Poland,POL,1972 Summer,1972,Summer,Munich,Athletics,Athletics Men's Decathlon,,0,0,-2.91,-3.97,-2.12
222495,111775,Ryszard Skowronek,M,27.0,183.0,81.0,Poland,POL,1976 Summer,1976,Summer,Montreal,Athletics,Athletics Men's Decathlon,,0,0,-4.15,-4.94,2.11
222513,111784,Trond Skramstad,M,23.0,184.0,85.0,Norway,NOR,1984 Summer,1984,Summer,Los Angeles,Athletics,Athletics Men's Decathlon,,0,0,-3.44,0.28,-2.12
222946,111977,"Richard Donald ""Rick"" Sloan",M,21.0,186.0,81.0,United States,USA,1968 Summer,1968,Summer,Mexico City,Athletics,Athletics Men's Decathlon,,0,0,0.91,-3.15,-4.91
223242,112124,Steen Lkkegaard Smidt-Jensen,M,23.0,185.0,85.0,Denmark,DEN,1968 Summer,1968,Summer,Mexico City,Athletics,Athletics Men's Decathlon,,0,0,-0.09,0.85,-2.91
223243,112124,Steen Lkkegaard Smidt-Jensen,M,27.0,185.0,85.0,Denmark,DEN,1972 Summer,1972,Summer,Munich,Athletics,Athletics Men's Decathlon,,0,0,-0.91,0.03,1.88
223308,112151,Vitaly Frilyevich Smirnov,M,25.0,191.0,94.0,Uzbekistan,UZB,2004 Summer,2004,Summer,Athina,Athletics,Athletics Men's Decathlon,,0,0,1.41,6.62,-0.72
223309,112151,Vitaly Frilyevich Smirnov,M,29.0,191.0,94.0,Uzbekistan,UZB,2008 Summer,2008,Summer,Beijing,Athletics,Athletics Men's Decathlon,,0,0,1.05,6.65,3.62
223478,112237,Dean Bryan Smith (-Barton-Smith),M,24.0,182.0,82.0,Australia,AUS,1992 Summer,1992,Summer,Barcelona,Athletics,Athletics Men's Decathlon,,0,0,-5.89,-4.01,-1.03
223693,112353,Maurice Leon Hugh Smith,M,23.0,190.0,90.0,Jamaica,JAM,2004 Summer,2004,Summer,Athina,Athletics,Athletics Men's Decathlon,,0,0,0.41,2.62,-2.72
223694,112353,Maurice Leon Hugh Smith,M,27.0,190.0,90.0,Jamaica,JAM,2008 Summer,2008,Summer,Beijing,Athletics,Athletics Men's Decathlon,,0,0,0.05,2.65,1.62
223715,112358,"Michael Cameron ""Mike"" Smith",M,21.0,195.0,98.0,Canada,CAN,1988 Summer,1988,Summer,Seoul,Athletics,Athletics Men's Decathlon,,0,0,6.68,10.76,-4.21
223716,112358,"Michael Cameron ""Mike"" Smith",M,24.0,195.0,98.0,Canada,CAN,1992 Summer,1992,Summer,Barcelona,Athletics,Athletics Men's Decathlon,,0,0,7.11,11.99,-1.03
223717,112358,"Michael Cameron ""Mike"" Smith",M,28.0,195.0,98.0,Canada,CAN,1996 Summer,1996,Summer,Atlanta,Athletics,Athletics Men's Decathlon,,0,0,6.22,12.79,1.88
224902,112981,Fidel Solrzano,M,22.0,182.0,78.0,Ecuador,ECU,1984 Summer,1984,Summer,Los Angeles,Athletics,Athletics Men's Decathlon,,0,0,-5.44,-6.72,-3.12
224903,112981,Fidel Solrzano,M,26.0,182.0,78.0,Ecuador,ECU,1988 Summer,1988,Summer,Seoul,Athletics,Athletics Men's Decathlon,,0,0,-6.32,-9.24,0.79
227753,114426,Siegfried Stark,M,21.0,186.0,88.0,East Germany,GDR,1976 Summer,1976,Summer,Montreal,Athletics,Athletics Men's Decathlon,,0,0,-1.15,2.06,-3.89
227754,114426,Siegfried Stark,M,25.0,186.0,88.0,East Germany,GDR,1980 Summer,1980,Summer,Moskva,Athletics,Athletics Men's Decathlon,,0,0,-1.9,3.24,0.9
228174,114611,"David Lee ""Dave"" Steen",M,24.0,185.0,80.0,Canada,CAN,1984 Summer,1984,Summer,Los Angeles,Athletics,Athletics Men's Decathlon,,0,0,-2.44,-4.72,-1.12
228175,114611,"David Lee ""Dave"" Steen",M,28.0,185.0,80.0,Canada,CAN,1988 Summer,1988,Summer,Seoul,Athletics,Athletics Men's Decathlon,Bronze,1,0,-3.32,-7.24,2.79
228630,114815,Tito Steiner,M,24.0,197.0,92.0,Argentina,ARG,1976 Summer,1976,Summer,Montreal,Athletics,Athletics Men's Decathlon,,0,0,9.85,6.06,-0.89
230119,115520,Mykhailo Mykhailovych Storozhenko,M,26.0,182.0,82.0,Soviet Union,URS,1964 Summer,1964,Summer,Tokyo,Athletics,Athletics Men's Decathlon,,0,0,-1.95,-1.71,0.33
230846,115852,Eberhard Stroot,M,25.0,182.0,78.0,West Germany,FRG,1976 Summer,1976,Summer,Montreal,Athletics,Athletics Men's Decathlon,,0,0,-5.15,-7.94,0.11
231169,115990,George William Stulac,M,26.0,170.0,70.0,Canada,CAN,1960 Summer,1960,Summer,Roma,Athletics,Athletics Men's Decathlon,,0,0,-14.07,-11.87,1.83
231377,116102,Leonel Surez Fajardo,M,20.0,181.0,68.0,Cuba,CUB,2008 Summer,2008,Summer,Beijing,Athletics,Athletics Men's Decathlon,Bronze,1,0,-8.95,-19.35,-5.38
231378,116102,Leonel Surez Fajardo,M,24.0,181.0,68.0,Cuba,CUB,2012 Summer,2012,Summer,London,Athletics,Athletics Men's Decathlon,Bronze,1,1,-8.74,-18.45,-1.68
231379,116102,Leonel Surez Fajardo,M,28.0,181.0,68.0,Cuba,CUB,2016 Summer,2016,Summer,Rio de Janeiro,Athletics,Athletics Men's Decathlon,,0,2,-7.1,-16.3,1.6
232782,116761,Seppo Juhani Suutari,M,19.0,178.0,81.0,Finland,FIN,1960 Summer,1960,Summer,Roma,Athletics,Athletics Men's Decathlon,,0,0,-6.07,-0.87,-5.17
232925,116834,Shosuke Suzuki,M,27.0,179.0,73.0,Japan,JPN,1964 Summer,1964,Summer,Tokyo,Athletics,Athletics Men's Decathlon,,0,0,-4.95,-10.71,1.33
233263,117004,Sergey Petrovich Sviridov,M,21.0,192.0,85.0,Russia,RUS,2012 Summer,2012,Summer,London,Athletics,Athletics Men's Decathlon,,0,0,2.26,-1.45,-4.68
233703,117212,Ji Skora,M,21.0,190.0,91.0,Czech Republic,CZE,2016 Summer,2016,Summer,Rio de Janeiro,Athletics,Athletics Men's Decathlon,,0,0,1.9,6.7,-5.4
233850,117287,Aleksey Grigoryevich Sysoyev,M,23.0,194.0,92.0,Russia,RUS,2008 Summer,2008,Summer,Beijing,Athletics,Athletics Men's Decathlon,,0,0,4.05,4.65,-2.38
233892,117312,Attila Szab,M,28.0,194.0,94.0,Hungary,HUN,2012 Summer,2012,Summer,London,Athletics,Athletics Men's Decathlon,,0,0,4.26,7.55,2.32
233905,117317,Dezs Szab,M,21.0,184.0,84.0,Hungary,HUN,1988 Summer,1988,Summer,Seoul,Athletics,Athletics Men's Decathlon,,0,0,-4.32,-3.24,-4.21
233906,117317,Dezs Szab,M,24.0,184.0,84.0,Hungary,HUN,1992 Summer,1992,Summer,Barcelona,Athletics,Athletics Men's Decathlon,,0,0,-3.89,-2.01,-1.03
233907,117317,Dezs Szab,M,28.0,184.0,84.0,Hungary,HUN,1996 Summer,1996,Summer,Atlanta,Athletics,Athletics Men's Decathlon,,0,0,-4.78,-1.21,1.88
234155,117431,Janusz Szczerkowski,M,26.0,190.0,86.0,Poland,POL,1980 Summer,1980,Summer,Moskva,Athletics,Athletics Men's Decathlon,,0,0,2.1,1.24,1.9
235021,117854,Jeremy Taiwo,M,26.0,193.0,91.0,United States,USA,2016 Summer,2016,Summer,Rio de Janeiro,Athletics,Athletics Men's Decathlon,,0,0,4.9,6.7,-0.4
236619,118637,Pavlo Heorgiyovych Tarnovetskiy,M,27.0,188.0,85.0,Soviet Union,URS,1988 Summer,1988,Summer,Seoul,Athletics,Athletics Men's Decathlon,,0,0,-0.32,-2.24,1.79
237807,119253,Paul Anthony Terek,M,24.0,190.0,90.0,United States,USA,2004 Summer,2004,Summer,Athina,Athletics,Athletics Men's Decathlon,,0,0,0.41,2.62,-1.72
238952,119795,Hctor Thomas Martnez,M,21.0,178.0,80.0,Venezuela,VEN,1960 Summer,1960,Summer,Roma,Athletics,Athletics Men's Decathlon,,0,0,-6.07,-1.87,-3.17
238953,119795,Hctor Thomas Martnez,M,26.0,178.0,80.0,Venezuela,VEN,1964 Summer,1964,Summer,Tokyo,Athletics,Athletics Men's Decathlon,,0,0,-5.95,-3.71,0.33
239181,119898,"Francis Morgan ""Daley"" Thompson",M,17.0,184.0,92.0,Great Britain,GBR,1976 Summer,1976,Summer,Montreal,Athletics,Athletics Men's Decathlon,,0,0,-3.15,6.06,-7.89
239182,119898,"Francis Morgan ""Daley"" Thompson",M,21.0,184.0,92.0,Great Britain,GBR,1980 Summer,1980,Summer,Moskva,Athletics,Athletics Men's Decathlon,Gold,1,0,-3.9,7.24,-3.1
239184,119898,"Francis Morgan ""Daley"" Thompson",M,25.0,184.0,92.0,Great Britain,GBR,1984 Summer,1984,Summer,Los Angeles,Athletics,Athletics Men's Decathlon,Gold,1,1,-3.44,7.28,-0.12
239185,119898,"Francis Morgan ""Daley"" Thompson",M,30.0,184.0,92.0,Great Britain,GBR,1988 Summer,1988,Summer,Seoul,Athletics,Athletics Men's Decathlon,,0,2,-4.32,4.76,4.79
239841,120187,Valbjrn orlksson,M,30.0,184.0,80.0,Iceland,ISL,1964 Summer,1964,Summer,Tokyo,Athletics,Athletics Men's Decathlon,,0,0,0.05,-3.71,4.33
239842,120187,Valbjrn orlksson,M,34.0,184.0,80.0,Iceland,ISL,1968 Summer,1968,Summer,Mexico City,Athletics,Athletics Men's Decathlon,,0,0,-1.09,-4.15,8.09
239990,120261,Manfred Tiedtke,M,26.0,187.0,88.0,East Germany,GDR,1968 Summer,1968,Summer,Mexico City,Athletics,Athletics Men's Decathlon,,0,0,1.91,3.85,0.09
240230,120382,Herman Johannes Timme,M,27.0,189.0,86.0,Netherlands,NED,1960 Summer,1960,Summer,Roma,Athletics,Athletics Men's Decathlon,,0,0,4.93,4.13,2.83
241701,121064,Pau Gaspar Tonnesen Ricart,M,23.0,185.0,77.0,Spain,ESP,2016 Summer,2016,Summer,Rio de Janeiro,Athletics,Athletics Men's Decathlon,,0,0,-3.1,-7.3,-3.4
241729,121078,"William Anthony ""Bill"" Toomey",M,29.0,187.0,87.0,United States,USA,1968 Summer,1968,Summer,Mexico City,Athletics,Athletics Men's Decathlon,Gold,1,0,1.91,2.85,3.09
243060,121724,Urs Trautmann,M,28.0,186.0,85.0,Switzerland,SUI,1968 Summer,1968,Summer,Mexico City,Athletics,Athletics Men's Decathlon,,0,0,0.91,0.85,2.09
245056,122719,Indrek Turi,M,23.0,187.0,85.0,Estonia,EST,2004 Summer,2004,Summer,Athina,Athletics,Athletics Men's Decathlon,,0,0,-2.59,-2.38,-2.72
246033,123192,Maicel Uibo,M,23.0,188.0,84.0,Estonia,EST,2016 Summer,2016,Summer,Rio de Janeiro,Athletics,Athletics Men's Decathlon,,0,0,-0.1,-0.3,-3.4
246094,123233,Hans Olav Stephansen Uldal,M,21.0,184.0,86.0,Norway,NOR,2004 Summer,2004,Summer,Athina,Athletics,Athletics Men's Decathlon,,0,0,-5.59,-1.38,-4.72
246777,123562,Keisuke Ushiro,M,26.0,196.0,95.0,Japan,JPN,2012 Summer,2012,Summer,London,Athletics,Athletics Men's Decathlon,,0,0,6.26,8.55,0.32
246778,123562,Keisuke Ushiro,M,30.0,196.0,95.0,Japan,JPN,2016 Summer,2016,Summer,Rio de Janeiro,Athletics,Athletics Men's Decathlon,,0,0,7.9,10.7,3.6
247557,123939,Vroslav Valenta,M,23.0,198.0,95.0,Czechoslovakia,TCH,1988 Summer,1988,Summer,Seoul,Athletics,Athletics Men's Decathlon,,0,0,9.68,7.76,-2.21
247955,124147,Hans Van Alphen,M,26.0,191.0,91.0,Belgium,BEL,2008 Summer,2008,Summer,Beijing,Athletics,Athletics Men's Decathlon,,0,0,1.05,3.65,0.62
247956,124147,Hans Van Alphen,M,30.0,191.0,91.0,Belgium,BEL,2012 Summer,2012,Summer,London,Athletics,Athletics Men's Decathlon,,0,0,1.26,4.55,4.32
248564,124432,Thomas Van der Plaetsen,M,25.0,186.0,81.0,Belgium,BEL,2016 Summer,2016,Summer,Rio de Janeiro,Athletics,Athletics Men's Decathlon,,0,0,-2.1,-3.3,-1.4
251105,125759,"Donald Danilo ""Don"" Vlez Espinoza",M,20.0,180.0,70.0,Nicaragua,NCA,1968 Summer,1968,Summer,Mexico City,Athletics,Athletics Men's Decathlon,,0,0,-5.09,-14.15,-5.91
251574,125990,Oleg Veretelnikov,M,24.0,187.0,83.0,Uzbekistan,UZB,1996 Summer,1996,Summer,Atlanta,Athletics,Athletics Men's Decathlon,,0,0,-1.78,-2.21,-2.12
251575,125990,Oleg Veretelnikov,M,28.0,187.0,83.0,Uzbekistan,UZB,2000 Summer,2000,Summer,Sydney,Athletics,Athletics Men's Decathlon,,0,0,-1.32,-1.96,0.68
252089,126244,Patrick Vetterli,M,22.0,200.0,100.0,Switzerland,SUI,1984 Summer,1984,Summer,Los Angeles,Athletics,Athletics Men's Decathlon,,0,0,12.56,15.28,-3.12
252127,126260,Homelo Vi,M,24.0,180.0,87.0,Tonga,TGA,1992 Summer,1992,Summer,Barcelona,Athletics,Athletics Men's Decathlon,,0,0,-7.89,0.99,-1.03
252700,126538,Jlio Augusto Jordo Vilar Santos,M,24.0,184.0,75.0,Portugal,POR,1960 Summer,1960,Summer,Roma,Athletics,Athletics Men's Decathlon,,0,0,-0.07,-6.87,-0.17
253749,127062,Fritz Vogelsang,M,27.0,188.0,80.0,Switzerland,SUI,1960 Summer,1960,Summer,Roma,Athletics,Athletics Men's Decathlon,,0,0,3.93,-1.87,2.83
254451,127381,Werner Konrad Graf von Moltke,M,32.0,190.0,90.0,West Germany,FRG,1968 Summer,1968,Summer,Mexico City,Athletics,Athletics Men's Decathlon,,0,0,4.91,5.85,6.09
254763,127531,Ingmar Vos,M,26.0,186.0,80.0,Netherlands,NED,2012 Summer,2012,Summer,London,Athletics,Athletics Men's Decathlon,,0,0,-3.74,-6.45,0.32
254806,127553,Torsten Voss,M,25.0,186.0,88.0,East Germany,GDR,1988 Summer,1988,Summer,Seoul,Athletics,Athletics Men's Decathlon,Silver,1,0,-2.32,0.76,-0.21
255311,127816,"Thomas ""Tom"" Waddell (Flubacher-)",M,30.0,187.0,82.0,United States,USA,1968 Summer,1968,Summer,Mexico City,Athletics,Athletics Men's Decathlon,,0,0,1.91,-2.15,4.09
255743,128039,Hans-Joachim Walde,M,22.0,191.0,89.0,Germany,GER,1964 Summer,1964,Summer,Tokyo,Athletics,Athletics Men's Decathlon,Bronze,1,0,7.05,5.29,-3.67
255744,128039,Hans-Joachim Walde,M,26.0,191.0,89.0,West Germany,FRG,1968 Summer,1968,Summer,Mexico City,Athletics,Athletics Men's Decathlon,Silver,1,1,5.91,4.85,0.09
255745,128039,Hans-Joachim Walde,M,30.0,191.0,89.0,West Germany,FRG,1972 Summer,1972,Summer,Munich,Athletics,Athletics Men's Decathlon,,0,2,5.09,4.03,4.88
257140,128764,Lars Warming,M,25.0,192.0,84.0,Denmark,DEN,1988 Summer,1988,Summer,Seoul,Athletics,Athletics Men's Decathlon,,0,0,3.68,-3.24,-0.21
257163,128773,Damian Warner,M,22.0,185.0,83.0,Canada,CAN,2012 Summer,2012,Summer,London,Athletics,Athletics Men's Decathlon,,0,0,-4.74,-3.45,-3.68
257164,128773,Damian Warner,M,26.0,185.0,83.0,Canada,CAN,2016 Summer,2016,Summer,Rio de Janeiro,Athletics,Athletics Men's Decathlon,Bronze,1,0,-3.1,-1.3,-0.4
257176,128780,Chiel Mathijs Warners,M,26.0,194.0,84.0,Netherlands,NED,2004 Summer,2004,Summer,Athina,Athletics,Athletics Men's Decathlon,,0,0,4.41,-3.38,0.28
258906,129620,Weng Kangqiang,M,25.0,183.0,78.0,China,CHN,1984 Summer,1984,Summer,Los Angeles,Athletics,Athletics Men's Decathlon,,0,0,-4.44,-6.72,-0.12
258984,129659,"Siegfried ""Siggi"" Wentz",M,24.0,193.0,93.0,West Germany,FRG,1984 Summer,1984,Summer,Los Angeles,Athletics,Athletics Men's Decathlon,Bronze,1,0,5.56,8.28,-1.12
259146,129730,Georg Werthner,M,20.0,190.0,90.0,Austria,AUT,1976 Summer,1976,Summer,Montreal,Athletics,Athletics Men's Decathlon,,0,0,2.85,4.06,-4.89
259147,129730,Georg Werthner,M,24.0,190.0,90.0,Austria,AUT,1980 Summer,1980,Summer,Moskva,Athletics,Athletics Men's Decathlon,,0,0,2.1,5.24,-0.1
259148,129730,Georg Werthner,M,28.0,190.0,90.0,Austria,AUT,1984 Summer,1984,Summer,Los Angeles,Athletics,Athletics Men's Decathlon,,0,0,2.56,5.28,2.88
259149,129730,Georg Werthner,M,32.0,190.0,90.0,Austria,AUT,1988 Summer,1988,Summer,Seoul,Athletics,Athletics Men's Decathlon,,0,0,1.68,2.76,6.79
259191,129755,Herbert Wessel,M,25.0,181.0,84.0,East Germany,GDR,1968 Summer,1968,Summer,Mexico City,Athletics,Athletics Men's Decathlon,,0,0,-4.09,-0.15,-0.91
260299,130284,Pawe Wiesioek,M,24.0,190.0,90.0,Poland,POL,2016 Summer,2016,Summer,Rio de Janeiro,Athletics,Athletics Men's Decathlon,,0,0,1.9,5.7,-2.4
261948,131052,Peter John Winter,M,25.0,183.0,83.0,Australia,AUS,1996 Summer,1996,Summer,Atlanta,Athletics,Athletics Men's Decathlon,,0,0,-5.78,-2.21,-1.12
262842,131519,"James Dale ""Jim"" Wooding",M,30.0,193.0,91.0,United States,USA,1984 Summer,1984,Summer,Los Angeles,Athletics,Athletics Men's Decathlon,,0,0,5.56,6.28,4.88
263302,131762,Wu Ah-Min,M,26.0,180.0,75.0,Chinese Taipei,TPE,1964 Summer,1964,Summer,Tokyo,Athletics,Athletics Men's Decathlon,,0,0,-3.95,-8.71,0.33
263304,131762,Wu Ah-Min,M,30.0,180.0,75.0,Chinese Taipei,TPE,1968 Summer,1968,Summer,Mexico City,Athletics,Athletics Men's Decathlon,,0,0,-5.09,-9.15,4.09
263753,131991,Frdric Xhonneux,M,25.0,184.0,79.0,Belgium,BEL,2008 Summer,2008,Summer,Beijing,Athletics,Athletics Men's Decathlon,,0,0,-5.95,-8.35,-0.38
264717,132469,"Yang Chuan-Kwang ""C. K.""",M,27.0,180.0,80.0,Chinese Taipei,TPE,1960 Summer,1960,Summer,Roma,Athletics,Athletics Men's Decathlon,Silver,1,0,-4.07,-1.87,2.83
264719,132469,"Yang Chuan-Kwang ""C. K.""",M,31.0,180.0,80.0,Chinese Taipei,TPE,1964 Summer,1964,Summer,Tokyo,Athletics,Athletics Men's Decathlon,,0,1,-3.95,-3.71,5.33
265001,132601,Razvigor Yankov,M,26.0,188.0,90.0,Bulgaria,BUL,1980 Summer,1980,Summer,Moskva,Athletics,Athletics Men's Decathlon,,0,0,0.1,5.24,1.9
266881,133525,Oleksandr Yurkov,M,25.0,183.0,84.0,Ukraine,UKR,2000 Summer,2000,Summer,Sydney,Athletics,Athletics Men's Decathlon,,0,0,-5.32,-0.96,-2.32
268315,134253,"Josef ""Sepp"" Zeilbauer",M,19.0,193.0,93.0,Austria,AUT,1972 Summer,1972,Summer,Munich,Athletics,Athletics Men's Decathlon,,0,0,7.09,8.03,-6.12
268316,134253,"Josef ""Sepp"" Zeilbauer",M,23.0,193.0,93.0,Austria,AUT,1976 Summer,1976,Summer,Montreal,Athletics,Athletics Men's Decathlon,,0,0,5.85,7.06,-1.89
268317,134253,"Josef ""Sepp"" Zeilbauer",M,27.0,193.0,93.0,Austria,AUT,1980 Summer,1980,Summer,Moskva,Athletics,Athletics Men's Decathlon,,0,0,5.1,8.24,2.9
269217,134712,Sergey Viktorovich Zhelanov,M,23.0,190.0,82.0,Soviet Union,URS,1980 Summer,1980,Summer,Moskva,Athletics,Athletics Men's Decathlon,Bronze,1,0,2.1,-2.76,-1.1
269697,134960,"Zachery ""Zach"" Ziemek",M,23.0,193.0,89.0,United States,USA,2016 Summer,2016,Summer,Rio de Janeiro,Athletics,Athletics Men's Decathlon,,0,0,4.9,4.7,-3.4
270179,135164,Robert Zmlk,M,23.0,186.0,88.0,Czechoslovakia,TCH,1992 Summer,1992,Summer,Barcelona,Athletics,Athletics Men's Decathlon,Gold,1,0,-1.89,1.99,-2.03
270180,135164,Robert Zmlk,M,27.0,186.0,88.0,Czech Republic,CZE,1996 Summer,1996,Summer,Atlanta,Athletics,Athletics Men's Decathlon,,0,1,-2.78,2.79,0.88
270544,135311,Attila Zsivczky,M,23.0,193.0,82.0,Hungary,HUN,2000 Summer,2000,Summer,Sydney,Athletics,Athletics Men's Decathlon,,0,0,4.68,-2.96,-4.32
270545,135311,Attila Zsivczky,M,27.0,193.0,82.0,Hungary,HUN,2004 Summer,2004,Summer,Athina,Athletics,Athletics Men's Decathlon,,0,0,3.41,-5.38,1.28
270546,135311,Attila Zsivczky,M,31.0,193.0,82.0,Hungary,HUN,2008 Summer,2008,Summer,Beijing,Athletics,Athletics Men's Decathlon,,0,0,3.05,-5.35,5.62
